StateName,StateAbbrev,DataLevel,Charter,SchoolName,SchoolType,NCESSchoolID,StateAssignedSchoolID,DistrictName,DistrictType,NCESDistrictID,StateAssignedDistrictID,EnrollmentTotal,TimePeriodInterval,TimePeriodStart,TimePeriodEnd,LearningModel,LearningModelGrK5,LearningModelGr68,LearningModelGr912,LearningModelStateCat,LearningModelStateCatGrK5,LearningModelStateCatGr68,LearningModelStateCatGr912,EnrollmentInPerson,EnrollmentHybrid,EnrollmentVirtual,StaffCount,StaffCountInPerson
Alabama ,AL,District,Yes,,,,,Acceleration Day and Evening Academy,Charter agency,0100197,800,331,Quarterly,8/11/20,10/12/20,In-person,,,,In-person and virtual,,,,116,0,215,,
Alabama ,AL,District,Yes,,,,,Acceleration Day and Evening Academy,Charter agency,0100197,800,331,Quarterly,10/13/20,12/31/20,In-person,,,,In-person and virtual,,,,149,0,182,,
Alabama ,AL,District,Yes,,,,,Acceleration Day and Evening Academy,Charter agency,0100197,800,331,Quarterly,1/1/21,3/13/21,In-person,,,,In-person and virtual,,,,199,0,132,,
Alabama ,AL,District,Yes,,,,,Acceleration Day and Evening Academy,Charter agency,0100197,800,331,Quarterly,3/14/21,5/21/21,In-person,,,,In-person and virtual,,,,215,0,116,,
Alabama ,AL,District,No,,,,,Alabaster City,Regular local school district,0100190,103,6083,Quarterly,8/19/20,10/20/20,In-person,,,,In-person and virtual,,,,4623,0,1460,,
Alabama ,AL,District,No,,,,,Alabaster City,Regular local school district,0100190,103,6083,Quarterly,10/21/20,12/31/20,In-person,,,,In-person and virtual,,,,5171,0,912,,
Alabama ,AL,District,No,,,,,Alabaster City,Regular local school district,0100190,103,6083,Quarterly,1/1/21,3/13/21,In-person,,,,In-person and virtual,,,,5231,0,852,,
Alabama ,AL,District,No,,,,,Alabaster City,Regular local school district,0100190,103,6083,Quarterly,3/14/21,5/21/21,In-person,,,,In-person and virtual,,,,5231,0,852,,
Alabama ,AL,District,No,,,,,Albertville City,Regular local school district,0100005,101,5729,Quarterly,8/24/20,10/25/20,In-person,,,,In-person and virtual,,,,4583,0,1146,,
Alabama ,AL,District,No,,,,,Albertville City,Regular local school district,0100005,101,5729,Quarterly,10/26/20,12/31/20,In-person,,,,In-person and virtual,,,,4698,0,1031,,
Alabama ,AL,District,No,,,,,Albertville City,Regular local school district,0100005,101,5729,Quarterly,1/1/21,3/13/21,In-person,,,,In-person and virtual,,,,4870,0,859,,
Alabama ,AL,District,No,,,,,Albertville City,Regular local school district,0100005,101,5729,Quarterly,3/14/21,5/21/21,In-person,,,,In-person and virtual,,,,4870,0,859,,
Alabama ,AL,District,No,,,,,Alexander City,Regular local school district,0100030,102,2870,Quarterly,9/8/20,11/9/20,Hybrid,,,,"In-person, virtual and blended",,,,2353,14,517,,
Alabama ,AL,District,No,,,,,Alexander City,Regular local school district,0100030,102,2870,Quarterly,11/10/20,12/31/20,Hybrid,,,,"In-person, virtual and blended",,,,230,14,316,,
Alabama ,AL,District,No,,,,,Alexander City,Regular local school district,0100030,102,2870,Quarterly,1/1/21,3/13/21,In-person,,,,In-person and virtual,,,,2612,0,258,,
Alabama ,AL,District,No,,,,,Alexander City,Regular local school district,0100030,102,2870,Quarterly,3/14/21,5/21/21,In-person,,,,In-person and virtual,,,,2612,0,258,,
Alabama ,AL,District,No,,,,,Andalusia City,Regular local school district,0100060,104,1719,Quarterly,8/17/20,10/18/20,In-person,,,,In-person and virtual,,,,1478,0,241,,
Alabama ,AL,District,No,,,,,Andalusia City,Regular local school district,0100060,104,1719,Quarterly,10/19/20,12/31/20,In-person,,,,In-person and virtual,,,,1616,0,103,,
Alabama ,AL,District,No,,,,,Andalusia City,Regular local school district,0100060,104,1719,Quarterly,1/1/21,3/13/21,In-person,,,,In-person and virtual,,,,1685,0,34,,
Alabama ,AL,District,No,,,,,Andalusia City,Regular local school district,0100060,104,1719,Quarterly,3/14/21,5/21/21,In-person,,,,In-person and virtual,,,,1685,0,34,,
Alabama ,AL,District,No,,,,,Anniston City,Regular local school district,0100090,105,1742,Quarterly,9/8/20,11/9/20,In-person,,,,In-person and virtual,,,,1167,0,575,,
Alabama ,AL,District,No,,,,,Anniston City,Regular local school district,0100090,105,1742,Quarterly,11/10/20,12/31/20,In-person,,,,In-person and virtual,,,,1167,0,575,,
Alabama ,AL,District,No,,,,,Anniston City,Regular local school district,0100090,105,1742,Quarterly,1/1/21,3/13/21,Hybrid,,,,Blended,,,,0,1742,0,,
Alabama ,AL,District,No,,,,,Anniston City,Regular local school district,0100090,105,1742,Quarterly,3/14/21,5/21/21,In-person,,,,In-person,,,,1742,0,0,,
Alabama ,AL,District,No,,,,,Arab City,Regular local school district,0100100,106,2504,Quarterly,8/20/20,10/21/20,In-person,,,,In-person and virtual,,,,2078,0,426,,
Alabama ,AL,District,No,,,,,Arab City,Regular local school district,0100100,106,2504,Quarterly,10/22/20,12/31/20,In-person,,,,In-person and virtual,,,,2329,0,175,,
Alabama ,AL,District,No,,,,,Arab City,Regular local school district,0100100,106,2504,Quarterly,1/1/21,3/13/21,In-person,,,,In-person and virtual,,,,2329,0,175,,
Alabama ,AL,District,No,,,,,Arab City,Regular local school district,0100100,106,2504,Quarterly,3/14/21,5/21/21,In-person,,,,In-person and virtual,,,,2354,0,150,,
Alabama ,AL,District,No,,,,,Athens City,Regular local school district,0100120,107,4456,Quarterly,8/17/20,10/18/20,In-person,,,,In-person and virtual,,,,2807,0,1649,,
Alabama ,AL,District,No,,,,,Athens City,Regular local school district,0100120,107,4456,Quarterly,10/19/20,12/31/20,In-person,,,,In-person and virtual,,,,3609,0,847,,
Alabama ,AL,District,No,,,,,Athens City,Regular local school district,0100120,107,4456,Quarterly,1/1/21,3/13/21,In-person,,,,In-person and virtual,,,,3877,0,579,,
Alabama ,AL,District,No,,,,,Athens City,Regular local school district,0100120,107,4456,Quarterly,3/14/21,5/21/21,In-person,,,,In-person and virtual,,,,3832,0,624,,
Alabama ,AL,District,No,,,,,Attalla City,Regular local school district,0100180,109,1415,Quarterly,8/17/20,10/18/20,In-person,,,,In-person and virtual,,,,835,0,580,,
Alabama ,AL,District,No,,,,,Attalla City,Regular local school district,0100180,109,1415,Quarterly,10/19/20,12/31/20,In-person,,,,In-person and virtual,,,,1033,0,382,,
Alabama ,AL,District,No,,,,,Attalla City,Regular local school district,0100180,109,1415,Quarterly,1/1/21,3/13/21,Hybrid,,,,"In-person, virtual and blended",,,,1019,7,396,,
Alabama ,AL,District,No,,,,,Attalla City,Regular local school district,0100180,109,1415,Quarterly,3/14/21,5/21/21,In-person,,,,In-person and virtual,,,,1005,0,410,,
Alabama ,AL,District,No,,,,,Auburn City,Regular local school district,0100210,110,8961,Quarterly,8/10/20,10/11/20,Hybrid,,,,"In-person, virtual and blended",,,,6362,179,2419,,
Alabama ,AL,District,No,,,,,Auburn City,Regular local school district,0100210,110,8961,Quarterly,10/12/20,12/31/20,Hybrid,,,,"In-person, virtual and blended",,,,6362,179,2419,,
Alabama ,AL,District,No,,,,,Auburn City,Regular local school district,0100210,110,8961,Quarterly,1/1/21,3/13/21,Hybrid,,,,"In-person, virtual and blended",,,,7617,179,1165,,
Alabama ,AL,District,No,,,,,Auburn City,Regular local school district,0100210,110,8961,Quarterly,3/14/21,5/21/21,Hybrid,,,,"In-person, virtual and blended",,,,7617,179,1165,,
Alabama ,AL,District,No,,,,,Autauga County,Regular local school district,0100240,1,8807,Quarterly,9/8/20,11/9/20,In-person,,,,In-person and virtual,,,,5901,0,2906,,
Alabama ,AL,District,No,,,,,Autauga County,Regular local school district,0100240,1,8807,Quarterly,11/10/20,12/31/20,In-person,,,,In-person and virtual,,,,6781,0,2026,,
Alabama ,AL,District,No,,,,,Autauga County,Regular local school district,0100240,1,8807,Quarterly,1/1/21,3/13/21,In-person,,,,In-person and virtual,,,,6429,0,2378,,
Alabama ,AL,District,No,,,,,Autauga County,Regular local school district,0100240,1,8807,Quarterly,3/14/21,5/21/21,In-person,,,,In-person and virtual,,,,6429,0,2378,,
Alabama ,AL,District,No,,,,,Baldwin County,Regular local school district,0100270,2,29634,Quarterly,8/12/20,10/13/20,In-person,,,,In-person and virtual,,,,25189,0,4445,,
Alabama ,AL,District,No,,,,,Baldwin County,Regular local school district,0100270,2,29634,Quarterly,10/14/20,12/31/20,In-person,,,,In-person and virtual,,,,25782,0,3852,,
Alabama ,AL,District,No,,,,,Baldwin County,Regular local school district,0100270,2,29634,Quarterly,1/1/21,3/13/21,In-person,,,,In-person and virtual,,,,26967,0,2667,,
Alabama ,AL,District,No,,,,,Baldwin County,Regular local school district,0100270,2,29634,Quarterly,3/14/21,5/21/21,In-person,,,,In-person and virtual,,,,26967,0,2667,,
Alabama ,AL,District,No,,,,,Barbour County,Regular local school district,0100300,3,653,Quarterly,8/20/20,10/21/20,Virtual,,,,Virtual,,,,0,0,653,,
Alabama ,AL,District,No,,,,,Barbour County,Regular local school district,0100300,3,653,Quarterly,10/22/20,12/31/20,Virtual,,,,Virtual,,,,0,0,653,,
Alabama ,AL,District,No,,,,,Barbour County,Regular local school district,0100300,3,653,Quarterly,1/1/21,3/13/21,In-person,,,,In-person and virtual,,,,131,0,522,,
Alabama ,AL,District,No,,,,,Barbour County,Regular local school district,0100300,3,653,Quarterly,3/14/21,5/21/21,In-person,,,,In-person and virtual,,,,131,0,522,,
Alabama ,AL,District,No,,,,,Bessemer City,Regular local school district,0100330,113,3247,Quarterly,9/3/20,11/4/20,Hybrid,,,,Virtual and blended,,,,0,2111,1136,,
Alabama ,AL,District,No,,,,,Bessemer City,Regular local school district,0100330,113,3247,Quarterly,11/5/20,12/31/20,Hybrid,,,,Virtual and blended,,,,0,2046,1201,,
Alabama ,AL,District,No,,,,,Bessemer City,Regular local school district,0100330,113,3247,Quarterly,1/1/21,3/13/21,In-person,,,,In-person and virtual,,,,1916,0,1331,,
Alabama ,AL,District,No,,,,,Bessemer City,Regular local school district,0100330,113,3247,Quarterly,3/14/21,5/21/21,In-person,,,,In-person and virtual,,,,1136,0,2111,,
Alabama ,AL,District,No,,,,,Bibb County,Regular local school district,0100360,4,2993,Quarterly,8/18/20,10/19/20,In-person,,,,In-person and virtual,,,,2245,0,748,,
Alabama ,AL,District,No,,,,,Bibb County,Regular local school district,0100360,4,2993,Quarterly,10/20/20,12/31/20,In-person,,,,In-person and virtual,,,,2394,0,599,,
Alabama ,AL,District,No,,,,,Bibb County,Regular local school district,0100360,4,2993,Quarterly,1/1/21,3/13/21,In-person,,,,In-person and virtual,,,,2634,0,359,,
Alabama ,AL,District,No,,,,,Bibb County,Regular local school district,0100360,4,2993,Quarterly,3/14/21,5/21/21,In-person,,,,In-person and virtual,,,,2664,0,329,,
Alabama ,AL,District,No,,,,,Birmingham City,Regular local school district,0100390,114,20849,Quarterly,9/8/20,11/9/20,Virtual,,,,Virtual,,,,0,0,20849,,
Alabama ,AL,District,No,,,,,Birmingham City,Regular local school district,0100390,114,20849,Quarterly,11/10/20,12/31/20,Hybrid,,,,Virtual and blended,,,,0,8340,12509,,
Alabama ,AL,District,No,,,,,Birmingham City,Regular local school district,0100390,114,20849,Quarterly,1/1/21,3/13/21,Hybrid,,,,Virtual and blended,,,,0,8340,12509,,
Alabama ,AL,District,No,,,,,Birmingham City,Regular local school district,0100390,114,20849,Quarterly,3/14/21,5/21/21,Hybrid,,,,Virtual and blended,,,,0,12509,8340,,
Alabama ,AL,District,No,,,,,Blount County,Regular local school district,0100420,5,7608,Quarterly,8/13/20,10/14/20,In-person,,,,In-person and virtual,,,,5630,0,1978,,
Alabama ,AL,District,No,,,,,Blount County,Regular local school district,0100420,5,7608,Quarterly,10/15/20,12/31/20,In-person,,,,In-person and virtual,,,,6543,0,1065,,
Alabama ,AL,District,No,,,,,Blount County,Regular local school district,0100420,5,7608,Quarterly,1/1/21,3/13/21,In-person,,,,In-person and virtual,,,,6391,0,1217,,
Alabama ,AL,District,No,,,,,Blount County,Regular local school district,0100420,5,7608,Quarterly,3/14/21,5/21/21,In-person,,,,In-person and virtual,,,,6543,0,1065,,
Alabama ,AL,District,No,,,,,Boaz City,Regular local school district,0100012,115,2334,Quarterly,8/20/20,10/21/20,In-person,,,,In-person and virtual,,,,1891,0,443,,
Alabama ,AL,District,No,,,,,Boaz City,Regular local school district,0100012,115,2334,Quarterly,10/22/20,12/31/20,In-person,,,,In-person and virtual,,,,2007,0,327,,
Alabama ,AL,District,No,,,,,Boaz City,Regular local school district,0100012,115,2334,Quarterly,1/1/21,3/13/21,In-person,,,,In-person and virtual,,,,2007,0,327,,
Alabama ,AL,District,No,,,,,Boaz City,Regular local school district,0100012,115,2334,Quarterly,3/14/21,5/21/21,In-person,,,,In-person and virtual,,,,2054,0,280,,
Alabama ,AL,District,No,,,,,Brewton City,Regular local school district,0100450,116,1152,Quarterly,8/10/20,10/11/20,In-person,,,,In-person and virtual,,,,829,0,207,,
Alabama ,AL,District,No,,,,,Brewton City,Regular local school district,0100450,116,1152,Quarterly,10/12/20,12/31/20,In-person,,,,In-person and virtual,,,,1071,0,81,,
Alabama ,AL,District,No,,,,,Brewton City,Regular local school district,0100450,116,1152,Quarterly,1/1/21,3/13/21,In-person,,,,In-person and virtual,,,,1083,0,69,,
Alabama ,AL,District,No,,,,,Brewton City,Regular local school district,0100450,116,1152,Quarterly,3/14/21,5/21/21,In-person,,,,In-person and virtual,,,,1083,0,69,,
Alabama ,AL,District,No,,,,,Bullock County,Regular local school district,0100480,6,1392,Quarterly,8/24/20,10/25/20,Hybrid,,,,Virtual and blended,,,,0,1322,70,,
Alabama ,AL,District,No,,,,,Bullock County,Regular local school district,0100480,6,1392,Quarterly,10/26/20,12/31/20,Hybrid,,,,Virtual and blended,,,,0,1322,70,,
Alabama ,AL,District,No,,,,,Bullock County,Regular local school district,0100480,6,1392,Quarterly,1/1/21,3/13/21,Hybrid,,,,Virtual and blended,,,,0,1322,70,,
Alabama ,AL,District,No,,,,,Bullock County,Regular local school district,0100480,6,1392,Quarterly,3/14/21,5/21/21,Hybrid,,,,Blended,,,,0,1392,0,,
Alabama ,AL,District,No,,,,,Butler County,Regular local school district,0100510,7,2841,Quarterly,9/8/20,11/9/20,In-person,,,,In-person and virtual,,,,1960,0,881,,
Alabama ,AL,District,No,,,,,Butler County,Regular local school district,0100510,7,2841,Quarterly,11/10/20,12/31/20,In-person,,,,In-person and virtual,,,,1960,0,881,,
Alabama ,AL,District,No,,,,,Butler County,Regular local school district,0100510,7,2841,Quarterly,1/1/21,3/13/21,In-person,,,,In-person and virtual,,,,2131,0,710,,
Alabama ,AL,District,No,,,,,Butler County,Regular local school district,0100510,7,2841,Quarterly,3/14/21,5/21/21,In-person,,,,In-person and virtual,,,,2131,0,710,,
Alabama ,AL,District,No,,,,,Calhoun County,Regular local school district,0100540,8,7829,Quarterly,8/18/20,10/19/20,In-person,,,,In-person and virtual,,,,6341,0,1488,,
Alabama ,AL,District,No,,,,,Calhoun County,Regular local school district,0100540,8,7829,Quarterly,10/20/20,12/31/20,In-person,,,,In-person and virtual,,,,6263,0,1566,,
Alabama ,AL,District,No,,,,,Calhoun County,Regular local school district,0100540,8,7829,Quarterly,1/1/21,3/13/21,In-person,,,,In-person and virtual,,,,6655,0,1174,,
Alabama ,AL,District,No,,,,,Calhoun County,Regular local school district,0100540,8,7829,Quarterly,3/14/21,5/21/21,In-person,,,,In-person and virtual,,,,7124,0,705,,
Alabama ,AL,District,No,,,,,Chambers County,Regular local school district,0100600,9,3264,Quarterly,8/12/20,10/13/20,Hybrid,,,,"In-person, virtual and blended",,,,2024,65,1175,,
Alabama ,AL,District,No,,,,,Chambers County,Regular local school district,0100600,9,3264,Quarterly,10/14/20,12/31/20,Hybrid,,,,"In-person, virtual and blended",,,,2415,65,783,,
Alabama ,AL,District,No,,,,,Chambers County,Regular local school district,0100600,9,3264,Quarterly,1/1/21,3/13/21,Hybrid,,,,"In-person, virtual and blended",,,,2481,98,685,,
Alabama ,AL,District,No,,,,,Chambers County,Regular local school district,0100600,9,3264,Quarterly,3/14/21,5/21/21,Hybrid,,,,"In-person, virtual and blended",,,,2513,98,653,,
Alabama ,AL,District,No,,,,,Cherokee County,Regular local school district,0100630,10,3696,Quarterly,8/19/20,10/20/20,In-person,,,,In-person and virtual,,,,2661,0,1035,,
Alabama ,AL,District,No,,,,,Cherokee County,Regular local school district,0100630,10,3696,Quarterly,10/21/20,12/31/20,In-person,,,,In-person and virtual,,,,2920,0,776,,
Alabama ,AL,District,No,,,,,Cherokee County,Regular local school district,0100630,10,3696,Quarterly,1/1/21,3/13/21,In-person,,,,In-person and virtual,,,,3142,0,554,,
Alabama ,AL,District,No,,,,,Cherokee County,Regular local school district,0100630,10,3696,Quarterly,3/14/21,5/21/21,In-person,,,,In-person and virtual,,,,3326,0,370,,
Alabama ,AL,District,No,,,,,Chickasaw City,Regular local school district,0100188,121,2865,Quarterly,8/19/20,10/20/20,In-person,,,,In-person and virtual,,,,2091,0,774,,
Alabama ,AL,District,No,,,,,Chickasaw City,Regular local school district,0100188,121,2865,Quarterly,10/21/20,12/31/20,In-person,,,,In-person and virtual,,,,2091,0,774,,
Alabama ,AL,District,No,,,,,Chickasaw City,Regular local school district,0100188,121,2865,Quarterly,1/1/21,3/13/21,In-person,,,,In-person and virtual,,,,2006,0,860,,
Alabama ,AL,District,No,,,,,Chickasaw City,Regular local school district,0100188,121,2865,Quarterly,3/14/21,5/21/21,Hybrid,,,,"In-person, virtual and blended",,,,860,29,1977,,
Alabama ,AL,District,No,,,,,Chilton County,Regular local school district,0100660,11,7414,Quarterly,9/8/20,11/9/20,In-person,,,,In-person and virtual,,,,5486,0,1928,,
Alabama ,AL,District,No,,,,,Chilton County,Regular local school district,0100660,11,7414,Quarterly,11/10/20,12/31/20,In-person,,,,In-person and virtual,,,,5931,0,1483,,
Alabama ,AL,District,No,,,,,Chilton County,Regular local school district,0100660,11,7414,Quarterly,1/1/21,3/13/21,In-person,,,,In-person and virtual,,,,5783,0,1631,,
Alabama ,AL,District,No,,,,,Chilton County,Regular local school district,0100660,11,7414,Quarterly,3/14/21,5/21/21,In-person,,,,In-person and virtual,,,,5931,0,1483,,
Alabama ,AL,District,No,,,,,Choctaw County,Regular local school district,0100690,12,1069,Quarterly,8/10/20,10/11/20,Virtual,,,,Virtual,,,,0,0,1069,,
Alabama ,AL,District,No,,,,,Choctaw County,Regular local school district,0100690,12,1069,Quarterly,10/12/20,12/31/20,In-person,,,,In-person and virtual,,,,460,0,609,,
Alabama ,AL,District,No,,,,,Choctaw County,Regular local school district,0100690,12,1069,Quarterly,1/1/21,3/13/21,In-person,,,,In-person and virtual,,,,556,0,513,,
Alabama ,AL,District,No,,,,,Choctaw County,Regular local school district,0100690,12,1069,Quarterly,3/14/21,5/21/21,In-person,,,,In-person and virtual,,,,631,0,438,,
Alabama ,AL,District,No,,,,,Clarke County,Regular local school district,0100720,13,2233,Quarterly,8/31/20,11/1/20,In-person,,,,In-person and virtual,,,,1764,0,469,,
Alabama ,AL,District,No,,,,,Clarke County,Regular local school district,0100720,13,2233,Quarterly,11/2/20,12/31/20,In-person,,,,In-person and virtual,,,,1764,0,469,,
Alabama ,AL,District,No,,,,,Clarke County,Regular local school district,0100720,13,2233,Quarterly,1/1/21,3/13/21,In-person,,,,In-person and virtual,,,,1831,0,402,,
Alabama ,AL,District,No,,,,,Clarke County,Regular local school district,0100720,13,2233,Quarterly,3/14/21,5/21/21,In-person,,,,In-person and virtual,,,,1831,0,402,,
Alabama ,AL,District,No,,,,,Clay County,Regular local school district,0100750,14,1796,Quarterly,8/25/20,10/26/20,Hybrid,,,,Virtual and blended,,,,0,1347,449,,
Alabama ,AL,District,No,,,,,Clay County,Regular local school district,0100750,14,1796,Quarterly,10/27/20,12/31/20,In-person,,,,In-person and virtual,,,,1491,0,305,,
Alabama ,AL,District,No,,,,,Clay County,Regular local school district,0100750,14,1796,Quarterly,1/1/21,3/13/21,In-person,,,,In-person and virtual,,,,1491,0,305,,
Alabama ,AL,District,No,,,,,Clay County,Regular local school district,0100750,14,1796,Quarterly,3/14/21,5/21/21,In-person,,,,In-person and virtual,,,,1527,0,269,,
Alabama ,AL,District,No,,,,,Cleburne County,Regular local school district,0100780,15,2440,Quarterly,8/13/20,10/14/20,Hybrid,,,,"In-person, virtual and blended",,,,1879,49,488,,
Alabama ,AL,District,No,,,,,Cleburne County,Regular local school district,0100780,15,2440,Quarterly,10/15/20,12/31/20,Hybrid,,,,"In-person, virtual and blended",,,,2147,24,268,,
Alabama ,AL,District,No,,,,,Cleburne County,Regular local school district,0100780,15,2440,Quarterly,1/1/21,3/13/21,In-person,,,,In-person and virtual,,,,2196,0,244,,
Alabama ,AL,District,No,,,,,Cleburne County,Regular local school district,0100780,15,2440,Quarterly,3/14/21,5/21/21,In-person,,,,In-person and virtual,,,,2196,0,244,,
Alabama ,AL,District,No,,,,,Coffee County,Regular local school district,0100810,16,2448,Quarterly,8/10/20,10/11/20,In-person,,,,In-person and virtual,,,,2130,0,318,,
Alabama ,AL,District,No,,,,,Coffee County,Regular local school district,0100810,16,2448,Quarterly,10/12/20,12/31/20,In-person,,,,In-person and virtual,,,,2277,0,171,,
Alabama ,AL,District,No,,,,,Coffee County,Regular local school district,0100810,16,2448,Quarterly,1/1/21,3/13/21,In-person,,,,In-person and virtual,,,,2326,0,122,,
Alabama ,AL,District,No,,,,,Coffee County,Regular local school district,0100810,16,2448,Quarterly,3/14/21,5/21/21,In-person,,,,In-person and virtual,,,,2130,0,318,,
Alabama ,AL,District,No,,,,,Colbert County,Regular local school district,0100840,17,2478,Quarterly,8/24/20,10/25/20,In-person,,,,In-person and virtual,,,,1834,0,644,,
Alabama ,AL,District,No,,,,,Colbert County,Regular local school district,0100840,17,2478,Quarterly,10/26/20,12/31/20,In-person,,,,In-person and virtual,,,,2106,0,372,,
Alabama ,AL,District,No,,,,,Colbert County,Regular local school district,0100840,17,2478,Quarterly,1/1/21,3/13/21,In-person,,,,In-person and virtual,,,,2057,0,421,,
Alabama ,AL,District,No,,,,,Colbert County,Regular local school district,0100840,17,2478,Quarterly,3/14/21,5/21/21,In-person,,,,In-person and virtual,,,,2131,0,347,,
Alabama ,AL,District,No,,,,,Conecuh County,Regular local school district,0100870,18,1584,Quarterly,8/20/20,10/21/20,Virtual,,,,Virtual,,,,0,0,1584,,
Alabama ,AL,District,No,,,,,Conecuh County,Regular local school district,0100870,18,1584,Quarterly,10/22/20,12/31/20,In-person,,,,In-person and virtual,,,,840,0,744,,
Alabama ,AL,District,No,,,,,Conecuh County,Regular local school district,0100870,18,1584,Quarterly,1/1/21,3/13/21,In-person,,,,In-person and virtual,,,,871,0,713,,
Alabama ,AL,District,No,,,,,Conecuh County,Regular local school district,0100870,18,1584,Quarterly,3/14/21,5/21/21,In-person,,,,In-person and virtual,,,,1172,0,412,,
Alabama ,AL,District,No,,,,,Coosa County,Regular local school district,0100900,19,777,Quarterly,8/31/20,11/1/20,Virtual,,,,Virtual,,,,0,0,777,,
Alabama ,AL,District,No,,,,,Coosa County,Regular local school district,0100900,19,777,Quarterly,11/2/20,12/31/20,Virtual,,,,Virtual,,,,0,0,777,,
Alabama ,AL,District,No,,,,,Coosa County,Regular local school district,0100900,19,777,Quarterly,1/1/21,3/13/21,In-person,,,,In-person and virtual,,,,559,0,218,,
Alabama ,AL,District,No,,,,,Coosa County,Regular local school district,0100900,19,777,Quarterly,3/14/21,5/21/21,In-person,,,,In-person and virtual,,,,606,0,171,,
Alabama ,AL,District,No,,,,,Covington County,Regular local school district,0100930,20,2755,Quarterly,8/17/20,10/18/20,In-person,,,,In-person and virtual,,,,2397,0,358,,
Alabama ,AL,District,No,,,,,Covington County,Regular local school district,0100930,20,2755,Quarterly,10/19/20,12/31/20,In-person,,,,In-person and virtual,,,,2562,0,193,,
Alabama ,AL,District,No,,,,,Covington County,Regular local school district,0100930,20,2755,Quarterly,1/1/21,3/13/21,In-person,,,,In-person and virtual,,,,2562,0,193,,
Alabama ,AL,District,No,,,,,Covington County,Regular local school district,0100930,20,2755,Quarterly,3/14/21,5/21/21,In-person,,,,In-person and virtual,,,,2590,0,165,,
Alabama ,AL,District,No,,,,,Crenshaw County,Regular local school district,0100960,21,2131,Quarterly,8/24/20,10/25/20,In-person,,,,In-person and virtual,,,,1875,0,256,,
Alabama ,AL,District,No,,,,,Crenshaw County,Regular local school district,0100960,21,2131,Quarterly,10/26/20,12/31/20,In-person,,,,In-person and virtual,,,,1961,0,170,,
Alabama ,AL,District,No,,,,,Crenshaw County,Regular local school district,0100960,21,2131,Quarterly,1/1/21,3/13/21,In-person,,,,In-person and virtual,,,,1982,0,149,,
Alabama ,AL,District,No,,,,,Crenshaw County,Regular local school district,0100960,21,2131,Quarterly,3/14/21,5/21/21,In-person,,,,In-person and virtual,,,,1982,0,149,,
Alabama ,AL,District,No,,,,,Cullman City,Regular local school district,0100990,125,3160,Quarterly,8/19/20,10/20/20,Hybrid,,,,"In-person, virtual and blended",,,,1801,758,537,,
Alabama ,AL,District,No,,,,,Cullman City,Regular local school district,0100990,125,3160,Quarterly,10/21/20,12/31/20,Hybrid,,,,"In-person, virtual and blended",,,,1833,758,569,,
Alabama ,AL,District,No,,,,,Cullman City,Regular local school district,0100990,125,3160,Quarterly,1/1/21,3/13/21,Hybrid,,,,"In-person, virtual and blended",,,,1959,790,411,,
Alabama ,AL,District,No,,,,,Cullman City,Regular local school district,0100990,125,3160,Quarterly,3/14/21,5/21/21,In-person,,,,In-person and virtual,,,,2686,0,474,,
Alabama ,AL,District,No,,,,,Cullman County,Regular local school district,0101020,22,9196,Quarterly,8/20/20,10/21/20,In-person,,,,In-person and virtual,,,,8460,0,736,,
Alabama ,AL,District,No,,,,,Cullman County,Regular local school district,0101020,22,9196,Quarterly,10/22/20,12/31/20,In-person,,,,In-person and virtual,,,,8460,0,736,,
Alabama ,AL,District,No,,,,,Cullman County,Regular local school district,0101020,22,9196,Quarterly,1/1/21,3/13/21,In-person,,,,In-person and virtual,,,,8552,0,644,,
Alabama ,AL,District,No,,,,,Cullman County,Regular local school district,0101020,22,9196,Quarterly,3/14/21,5/21/21,In-person,,,,In-person and virtual,,,,8552,0,644,,
Alabama ,AL,District,No,,,,,Dale County,Regular local school district,0101050,23,3135,Quarterly,8/14/20,10/15/20,In-person,,,,In-person and virtual,,,,2727,0,408,,
Alabama ,AL,District,No,,,,,Dale County,Regular local school district,0101050,23,3135,Quarterly,10/16/20,12/31/20,In-person,,,,In-person and virtual,,,,2853,0,282,,
Alabama ,AL,District,No,,,,,Dale County,Regular local school district,0101050,23,3135,Quarterly,1/1/21,3/13/21,In-person,,,,In-person and virtual,,,,2853,0,282,,
Alabama ,AL,District,No,,,,,Dale County,Regular local school district,0101050,23,3135,Quarterly,3/14/21,5/21/21,In-person,,,,In-person and virtual,,,,2884,0,251,,
Alabama ,AL,District,No,,,,,Daleville City,Regular local school district,0101080,126,1093,Quarterly,8/28/20,10/29/20,In-person,,,,In-person and virtual,,,,754,0,339,,
Alabama ,AL,District,No,,,,,Daleville City,Regular local school district,0101080,126,1093,Quarterly,10/30/20,12/31/20,In-person,,,,In-person and virtual,,,,907,0,186,,
Alabama ,AL,District,No,,,,,Daleville City,Regular local school district,0101080,126,1093,Quarterly,1/1/21,3/13/21,In-person,,,,In-person and virtual,,,,940,0,153,,
Alabama ,AL,District,No,,,,,Daleville City,Regular local school district,0101080,126,1093,Quarterly,3/14/21,5/21/21,In-person,,,,In-person and virtual,,,,984,0,109,,
Alabama ,AL,District,No,,,,,Dallas County,Regular local school district,0101110,24,2616,Quarterly,9/8/20,11/9/20,Hybrid,,,,"In-person, virtual and blended",,,,732,1596,288,,
Alabama ,AL,District,No,,,,,Dallas County,Regular local school district,0101110,24,2616,Quarterly,11/10/20,12/31/20,Hybrid,,,,Virtual and blended,,,,0,2328,288,,
Alabama ,AL,District,No,,,,,Dallas County,Regular local school district,0101110,24,2616,Quarterly,1/1/21,3/13/21,Hybrid,,,,"In-person, virtual and blended",,,,916,1439,262,,
Alabama ,AL,District,No,,,,,Dallas County,Regular local school district,0101110,24,2616,Quarterly,3/14/21,5/21/21,Hybrid,,,,"In-person, virtual and blended",,,,1308,1125,183,,
Alabama ,AL,District,No,,,,,Decatur City,Regular local school district,0101170,127,8464,Quarterly,8/12/20,10/13/20,Hybrid,,,,"In-person, virtual and blended",,,,6348,1270,846,,
Alabama ,AL,District,No,,,,,Decatur City,Regular local school district,0101170,127,8464,Quarterly,10/14/20,12/31/20,Hybrid,,,,"In-person, virtual and blended",,,,6771,846,846,,
Alabama ,AL,District,No,,,,,Decatur City,Regular local school district,0101170,127,8464,Quarterly,1/1/21,3/13/21,Hybrid,,,,"In-person, virtual and blended",,,,7448,846,1016,,
Alabama ,AL,District,No,,,,,Decatur City,Regular local school district,0101170,127,8464,Quarterly,3/14/21,5/21/21,Hybrid,,,,"In-person, virtual and blended",,,,7448,846,1016,,
Alabama ,AL,District,No,,,,,DeKalb County,Regular local school district,0101140,25,8323,Quarterly,8/10/20,10/11/20,In-person,,,,In-person and virtual,,,,7657,0,666,,
Alabama ,AL,District,No,,,,,DeKalb County,Regular local school district,0101140,25,8323,Quarterly,10/12/20,12/31/20,In-person,,,,In-person and virtual,,,,7907,0,416,,
Alabama ,AL,District,No,,,,,DeKalb County,Regular local school district,0101140,25,8323,Quarterly,1/1/21,3/13/21,In-person,,,,In-person and virtual,,,,7824,0,499,,
Alabama ,AL,District,No,,,,,DeKalb County,Regular local school district,0101140,25,8323,Quarterly,3/14/21,5/21/21,In-person,,,,In-person and virtual,,,,7907,0,416,,
Alabama ,AL,District,No,,,,,Demopolis City,Regular local school district,0101200,128,2049,Quarterly,8/20/20,10/21/20,In-person,,,,In-person and virtual,,,,1045,0,1004,,
Alabama ,AL,District,No,,,,,Demopolis City,Regular local school district,0101200,128,2049,Quarterly,10/22/20,12/31/20,In-person,,,,In-person and virtual,,,,1557,0,492,,
Alabama ,AL,District,No,,,,,Demopolis City,Regular local school district,0101200,128,2049,Quarterly,1/1/21,3/13/21,In-person,,,,In-person and virtual,,,,1701,0,348,,
Alabama ,AL,District,No,,,,,Demopolis City,Regular local school district,0101200,128,2049,Quarterly,3/14/21,5/21/21,In-person,,,,In-person and virtual,,,,1906,0,143,,
Alabama ,AL,District,No,,,,,Dothan City,Regular local school district,0101230,130,7891,Quarterly,9/8/20,11/9/20,Hybrid,,,,"In-person, virtual and blended",,,,5050,158,2683,,
Alabama ,AL,District,No,,,,,Dothan City,Regular local school district,0101230,130,7891,Quarterly,11/10/20,12/31/20,Hybrid,,,,"In-person, virtual and blended",,,,5445,158,2288,,
Alabama ,AL,District,No,,,,,Dothan City,Regular local school district,0101230,130,7891,Quarterly,1/1/21,3/13/21,Hybrid,,,,"In-person, virtual and blended",,,,5208,316,2288,,
Alabama ,AL,District,No,,,,,Dothan City,Regular local school district,0101230,130,7891,Quarterly,3/14/21,5/21/21,Hybrid,,,,"In-person, virtual and blended",,,,5760,79,2052,,
Alabama ,AL,District,No,,,,,Elba City,Regular local school district,0101260,131,612,Quarterly,8/10/20,10/11/20,In-person,,,,In-person and virtual,,,,441,0,159,,
Alabama ,AL,District,No,,,,,Elba City,Regular local school district,0101260,131,612,Quarterly,10/12/20,12/31/20,In-person,,,,In-person and virtual,,,,502,0,98,,
Alabama ,AL,District,No,,,,,Elba City,Regular local school district,0101260,131,612,Quarterly,1/1/21,3/13/21,Hybrid,,,,"In-person, virtual and blended",,,,563,6,43,,
Alabama ,AL,District,No,,,,,Elba City,Regular local school district,0101260,131,612,Quarterly,3/14/21,5/21/21,Hybrid,,,,"In-person, virtual and blended",,,,563,6,43,,
Alabama ,AL,District,No,,,,,Elmore County,Regular local school district,0101290,26,11210,Quarterly,8/10/20,10/11/20,Hybrid,,,,"In-person, virtual and blended",,,,6166,673,4372,,
Alabama ,AL,District,No,,,,,Elmore County,Regular local school district,0101290,26,11210,Quarterly,10/12/20,12/31/20,Hybrid,,,,"In-person, virtual and blended",,,,6390,673,4148,,
Alabama ,AL,District,No,,,,,Elmore County,Regular local school district,0101290,26,11210,Quarterly,1/1/21,3/13/21,Hybrid,,,,"In-person, virtual and blended",,,,8071,673,2466,,
Alabama ,AL,District,No,,,,,Elmore County,Regular local school district,0101290,26,11210,Quarterly,3/14/21,5/21/21,Hybrid,,,,"In-person, virtual and blended",,,,8183,673,2354,,
Alabama ,AL,District,No,,,,,Enterprise City,Regular local school district,0101320,132,6539,Quarterly,8/6/20,10/7/20,Hybrid,,,,"In-person, virtual and blended",,,,2616,2485,1439,,
Alabama ,AL,District,No,,,,,Enterprise City,Regular local school district,0101320,132,6539,Quarterly,10/8/20,12/31/20,In-person,,,,In-person and virtual,,,,5820,0,719,,
Alabama ,AL,District,No,,,,,Enterprise City,Regular local school district,0101320,132,6539,Quarterly,1/1/21,3/13/21,In-person,,,,In-person and virtual,,,,5950,0,589,,
Alabama ,AL,District,No,,,,,Enterprise City,Regular local school district,0101320,132,6539,Quarterly,3/14/21,5/21/21,In-person,,,,In-person and virtual,,,,6016,0,523,,
Alabama ,AL,District,No,,,,,Escambia County,Regular local school district,0101350,27,4029,Quarterly,8/7/20,10/8/20,In-person,,,,In-person and virtual,,,,2055,0,1974,,
Alabama ,AL,District,No,,,,,Escambia County,Regular local school district,0101350,27,4029,Quarterly,10/9/20,12/31/20,In-person,,,,In-person and virtual,,,,2740,0,1249,,
Alabama ,AL,District,No,,,,,Escambia County,Regular local school district,0101350,27,4029,Quarterly,1/1/21,3/13/21,In-person,,,,In-person and virtual,,,,3626,0,403,,
Alabama ,AL,District,No,,,,,Escambia County,Regular local school district,0101350,27,4029,Quarterly,3/14/21,5/21/21,In-person,,,,In-person and virtual,,,,3586,0,443,,
Alabama ,AL,District,No,,,,,Etowah County,Regular local school district,0101380,28,8271,Quarterly,8/17/20,10/18/20,In-person,,,,In-person and virtual,,,,6534,0,1737,,
Alabama ,AL,District,No,,,,,Etowah County,Regular local school district,0101380,28,8271,Quarterly,10/19/20,12/31/20,In-person,,,,In-person and virtual,,,,7113,0,1158,,
Alabama ,AL,District,No,,,,,Etowah County,Regular local school district,0101380,28,8271,Quarterly,1/1/21,3/13/21,In-person,,,,In-person and virtual,,,,7278,0,993,,
Alabama ,AL,District,No,,,,,Etowah County,Regular local school district,0101380,28,8271,Quarterly,3/14/21,5/21/21,In-person,,,,In-person and virtual,,,,7278,0,993,,
Alabama ,AL,District,No,,,,,Eufaula City,Regular local school district,0101410,133,6324,Quarterly,8/20/20,10/21/20,In-person,,,,In-person and virtual,,,,4490,0,1834,,
Alabama ,AL,District,No,,,,,Eufaula City,Regular local school district,0101410,133,6324,Quarterly,10/22/20,12/31/20,In-person,,,,In-person and virtual,,,,4490,0,1834,,
Alabama ,AL,District,No,,,,,Eufaula City,Regular local school district,0101410,133,6324,Quarterly,1/1/21,3/13/21,In-person,,,,In-person and virtual,,,,5375,0,949,,
Alabama ,AL,District,No,,,,,Eufaula City,Regular local school district,0101410,133,6324,Quarterly,3/14/21,5/21/21,In-person,,,,In-person and virtual,,,,5375,0,949,,
Alabama ,AL,District,No,,,,,Fairfield City,Regular local school district,0101440,137,1545,Quarterly,8/10/20,10/11/20,Hybrid,,,,"In-person, virtual and blended",,,,448,185,912,,
Alabama ,AL,District,No,,,,,Fairfield City,Regular local school district,0101440,137,1545,Quarterly,10/12/20,12/31/20,In-person,,,,In-person and virtual,,,,1035,0,510,,
Alabama ,AL,District,No,,,,,Fairfield City,Regular local school district,0101440,137,1545,Quarterly,1/1/21,3/13/21,In-person,,,,In-person and virtual,,,,1066,0,479,,
Alabama ,AL,District,No,,,,,Fairfield City,Regular local school district,0101440,137,1545,Quarterly,3/14/21,5/21/21,In-person,,,,In-person and virtual,,,,1159,0,386,,
Alabama ,AL,District,No,,,,,Fayette County,Regular local school district,0101470,29,2108,Quarterly,8/20/20,10/21/20,In-person,,,,In-person and virtual,,,,1855,0,253,,
Alabama ,AL,District,No,,,,,Fayette County,Regular local school district,0101470,29,2108,Quarterly,10/22/20,12/31/20,In-person,,,,In-person and virtual,,,,1918,0,190,,
Alabama ,AL,District,No,,,,,Fayette County,Regular local school district,0101470,29,2108,Quarterly,1/1/21,3/13/21,In-person,,,,In-person and virtual,,,,2087,0,11,,
Alabama ,AL,District,No,,,,,Fayette County,Regular local school district,0101470,29,2108,Quarterly,3/14/21,5/21/21,In-person,,,,In-person and virtual,,,,2087,0,11,,
Alabama ,AL,District,No,,,,,Florence City,Regular local school district,0101530,141,4487,Quarterly,8/20/20,10/21/20,Hybrid,,,,"In-person, virtual and blended",,,,3141,179,1167,,
Alabama ,AL,District,No,,,,,Florence City,Regular local school district,0101530,141,4487,Quarterly,10/22/20,12/31/20,Hybrid,,,,"In-person, virtual and blended",,,,3276,179,1032,,
Alabama ,AL,District,No,,,,,Florence City,Regular local school district,0101530,141,4487,Quarterly,1/1/21,3/13/21,Hybrid,,,,"In-person, virtual and blended",,,,3590,135,763,,
Alabama ,AL,District,No,,,,,Florence City,Regular local school district,0101530,141,4487,Quarterly,3/14/21,5/21/21,Hybrid,,,,"In-person, virtual and blended",,,,3679,135,673,,
Alabama ,AL,District,No,,,,,Fort Payne City,Regular local school district,0101560,143,3361,Quarterly,8/12/20,10/13/20,In-person,,,,In-person and virtual,,,,2521,0,840,,
Alabama ,AL,District,No,,,,,Fort Payne City,Regular local school district,0101560,143,3361,Quarterly,10/14/20,12/31/20,In-person,,,,In-person and virtual,,,,2857,0,504,,
Alabama ,AL,District,No,,,,,Fort Payne City,Regular local school district,0101560,143,3361,Quarterly,1/1/21,3/13/21,In-person,,,,In-person and virtual,,,,2958,0,403,,
Alabama ,AL,District,No,,,,,Fort Payne City,Regular local school district,0101560,143,3361,Quarterly,3/14/21,5/21/21,In-person,,,,In-person and virtual,,,,2991,0,370,,
Alabama ,AL,District,No,,,,,Franklin County,Regular local school district,0101590,30,3494,Quarterly,8/20/20,10/21/20,In-person,,,,In-person and virtual,,,,2830,0,664,,
Alabama ,AL,District,No,,,,,Franklin County,Regular local school district,0101590,30,3494,Quarterly,10/22/20,12/31/20,In-person,,,,In-person and virtual,,,,3145,0,349,,
Alabama ,AL,District,No,,,,,Franklin County,Regular local school district,0101590,30,3494,Quarterly,1/1/21,3/13/21,In-person,,,,In-person and virtual,,,,3180,0,314,,
Alabama ,AL,District,No,,,,,Franklin County,Regular local school district,0101590,30,3494,Quarterly,3/14/21,5/21/21,In-person,,,,In-person and virtual,,,,3214,0,280,,
Alabama ,AL,District,No,,,,,Gadsden City,Regular local school district,0101620,144,4741,Quarterly,8/17/20,10/18/20,Virtual,,,,Virtual,,,,0,0,4741,,
Alabama ,AL,District,No,,,,,Gadsden City,Regular local school district,0101620,144,4741,Quarterly,10/19/20,12/31/20,In-person,,,,In-person and virtual,,,,3224,0,1517,,
Alabama ,AL,District,No,,,,,Gadsden City,Regular local school district,0101620,144,4741,Quarterly,1/1/21,3/13/21,In-person,,,,In-person and virtual,,,,3082,0,1659,,
Alabama ,AL,District,No,,,,,Gadsden City,Regular local school district,0101620,144,4741,Quarterly,3/14/21,5/21/21,In-person,,,,In-person and virtual,,,,3319,0,1422,,
Alabama ,AL,District,No,,,,,Geneva City,Regular local school district,0101640,146,1237,Quarterly,8/24/20,10/25/20,In-person,,,,In-person and virtual,,,,1089,0,148,,
Alabama ,AL,District,No,,,,,Geneva City,Regular local school district,0101640,146,1237,Quarterly,10/26/20,12/31/20,In-person,,,,In-person and virtual,,,,1138,0,99,,
Alabama ,AL,District,No,,,,,Geneva City,Regular local school district,0101640,146,1237,Quarterly,1/1/21,3/13/21,In-person,,,,In-person and virtual,,,,1163,0,74,,
Alabama ,AL,District,No,,,,,Geneva City,Regular local school district,0101640,146,1237,Quarterly,3/14/21,5/21/21,In-person,,,,In-person and virtual,,,,1175,0,62,,
Alabama ,AL,District,No,,,,,Geneva County,Regular local school district,0101660,31,2545,Quarterly,8/28/20,10/29/20,In-person,,,,In-person and virtual,,,,2163,0,382,,
Alabama ,AL,District,No,,,,,Geneva County,Regular local school district,0101660,31,2545,Quarterly,10/30/20,12/31/20,In-person,,,,In-person and virtual,,,,2341,0,204,,
Alabama ,AL,District,No,,,,,Geneva County,Regular local school district,0101660,31,2545,Quarterly,1/1/21,3/13/21,In-person,,,,In-person and virtual,,,,2469,0,76,,
Alabama ,AL,District,No,,,,,Geneva County,Regular local school district,0101660,31,2545,Quarterly,3/14/21,5/21/21,In-person,,,,In-person and virtual,,,,2392,0,153,,
Alabama ,AL,District,No,,,,,Greene County,Regular local school district,0101680,32,911,Quarterly,8/20/20,10/21/20,Virtual,,,,Virtual,,,,0,0,911,,
Alabama ,AL,District,No,,,,,Greene County,Regular local school district,0101680,32,911,Quarterly,10/22/20,12/31/20,Virtual,,,,Virtual,,,,0,0,911,,
Alabama ,AL,District,No,,,,,Greene County,Regular local school district,0101680,32,911,Quarterly,1/1/21,3/13/21,Virtual,,,,Virtual,,,,0,0,911,,
Alabama ,AL,District,No,,,,,Greene County,Regular local school district,0101680,32,911,Quarterly,3/14/21,5/21/21,In-person,,,,In-person and virtual,,,,510,0,401,,
Alabama ,AL,District,No,,,,,Gulf Shores City,Regular local school district,0100202,152,2157,Quarterly,8/12/20,10/13/20,In-person,,,,In-person and virtual,,,,1833,0,324,,
Alabama ,AL,District,No,,,,,Gulf Shores City,Regular local school district,0100202,152,2157,Quarterly,10/14/20,12/31/20,In-person,,,,In-person and virtual,,,,1833,0,324,,
Alabama ,AL,District,No,,,,,Gulf Shores City,Regular local school district,0100202,152,2157,Quarterly,1/1/21,3/13/21,In-person,,,,In-person and virtual,,,,2028,0,129,,
Alabama ,AL,District,No,,,,,Gulf Shores City,Regular local school district,0100202,152,2157,Quarterly,3/14/21,5/21/21,In-person,,,,In-person and virtual,,,,2028,0,129,,
Alabama ,AL,District,No,,,,,Guntersville City,Regular local school district,0101690,154,1766,Quarterly,8/25/20,10/26/20,In-person,,,,In-person and virtual,,,,1307,0,459,,
Alabama ,AL,District,No,,,,,Guntersville City,Regular local school district,0101690,154,1766,Quarterly,10/27/20,12/31/20,In-person,,,,In-person and virtual,,,,1307,0,459,,
Alabama ,AL,District,No,,,,,Guntersville City,Regular local school district,0101690,154,1766,Quarterly,1/1/21,3/13/21,In-person,,,,In-person and virtual,,,,1377,0,389,,
Alabama ,AL,District,No,,,,,Guntersville City,Regular local school district,0101690,154,1766,Quarterly,3/14/21,5/21/21,In-person,,,,In-person and virtual,,,,1377,0,389,,
Alabama ,AL,District,No,,,,,Hale County,Regular local school district,0101710,33,2275,Quarterly,8/20/20,10/21/20,In-person,,,,In-person and virtual,,,,1024,0,1251,,
Alabama ,AL,District,No,,,,,Hale County,Regular local school district,0101710,33,2275,Quarterly,10/22/20,12/31/20,In-person,,,,In-person and virtual,,,,1433,0,842,,
Alabama ,AL,District,No,,,,,Hale County,Regular local school district,0101710,33,2275,Quarterly,1/1/21,3/13/21,In-person,,,,In-person and virtual,,,,1410,0,864,,
Alabama ,AL,District,No,,,,,Hale County,Regular local school district,0101710,33,2275,Quarterly,3/14/21,5/21/21,In-person,,,,In-person and virtual,,,,1479,0,796,,
Alabama ,AL,District,No,,,,,Haleyville City,Regular local school district,0101720,155,1571,Quarterly,8/20/20,10/21/20,In-person,,,,In-person and virtual,,,,1351,0,220,,
Alabama ,AL,District,No,,,,,Haleyville City,Regular local school district,0101720,155,1571,Quarterly,10/22/20,12/31/20,In-person,,,,In-person and virtual,,,,1461,0,110,,
Alabama ,AL,District,No,,,,,Haleyville City,Regular local school district,0101720,155,1571,Quarterly,1/1/21,3/13/21,In-person,,,,In-person and virtual,,,,1492,0,79,,
Alabama ,AL,District,No,,,,,Haleyville City,Regular local school district,0101720,155,1571,Quarterly,3/14/21,5/21/21,In-person,,,,In-person,,,,1571,0,0,,
Alabama ,AL,District,No,,,,,Hartselle City,Regular local school district,0101730,156,3420,Quarterly,8/10/20,10/11/20,Hybrid,,,,"In-person, virtual and blended",,,,2907,68,445,,
Alabama ,AL,District,No,,,,,Hartselle City,Regular local school district,0101730,156,3420,Quarterly,10/12/20,12/31/20,Hybrid,,,,"In-person, virtual and blended",,,,1915,1060,445,,
Alabama ,AL,District,No,,,,,Hartselle City,Regular local school district,0101730,156,3420,Quarterly,1/1/21,3/13/21,Hybrid,,,,"In-person, virtual and blended",,,,1984,1163,274,,
Alabama ,AL,District,No,,,,,Hartselle City,Regular local school district,0101730,156,3420,Quarterly,3/14/21,5/21/21,Hybrid,,,,"In-person, virtual and blended",,,,3181,68,171,,
Alabama ,AL,District,No,,,,,Henry County,Regular local school district,0101740,34,2404,Quarterly,9/8/20,11/9/20,Hybrid,,,,"In-person, virtual and blended",,,,1779,48,577,,
Alabama ,AL,District,No,,,,,Henry County,Regular local school district,0101740,34,2404,Quarterly,11/10/20,12/31/20,Hybrid,,,,"In-person, virtual and blended",,,,1779,48,577,,
Alabama ,AL,District,No,,,,,Henry County,Regular local school district,0101740,34,2404,Quarterly,1/1/21,3/13/21,Hybrid,,,,"In-person, virtual and blended",,,,1971,48,385,,
Alabama ,AL,District,No,,,,,Henry County,Regular local school district,0101740,34,2404,Quarterly,3/14/21,5/21/21,Hybrid,,,,"In-person, virtual and blended",,,,1971,48,385,,
Alabama ,AL,District,No,,,,,Homewood City,Regular local school district,0101760,157,4178,Quarterly,8/19/20,10/20/20,In-person,,,,In-person and virtual,,,,3259,0,919,,
Alabama ,AL,District,No,,,,,Homewood City,Regular local school district,0101760,157,4178,Quarterly,10/21/20,12/31/20,In-person,,,,In-person and virtual,,,,3217,0,961,,
Alabama ,AL,District,No,,,,,Homewood City,Regular local school district,0101760,157,4178,Quarterly,1/1/21,3/13/21,In-person,,,,In-person and virtual,,,,3510,0,668,,
Alabama ,AL,District,No,,,,,Homewood City,Regular local school district,0101760,157,4178,Quarterly,3/14/21,5/21/21,In-person,,,,In-person and virtual,,,,3551,0,627,,
Alabama ,AL,District,No,,,,,Hoover City,Regular local school district,0100007,158,13427,Quarterly,8/20/20,10/21/20,Hybrid,,,,"In-person, virtual and blended",,,,8593,537,4297,,
Alabama ,AL,District,No,,,,,Hoover City,Regular local school district,0100007,158,13427,Quarterly,10/22/20,12/31/20,Hybrid,,,,"In-person, virtual and blended",,,,9936,537,2954,,
Alabama ,AL,District,No,,,,,Hoover City,Regular local school district,0100007,158,13427,Quarterly,1/1/21,3/13/21,Hybrid,,,,"In-person, virtual and blended",,,,9802,671,2954,,
Alabama ,AL,District,No,,,,,Hoover City,Regular local school district,0100007,158,13427,Quarterly,3/14/21,5/21/21,Hybrid,,,,"In-person, virtual and blended",,,,10473,537,2417,,
Alabama ,AL,District,No,,,,,Houston County,Regular local school district,0101770,35,6205,Quarterly,9/8/20,11/9/20,In-person,,,,In-person and virtual,,,,5150,0,1055,,
Alabama ,AL,District,No,,,,,Houston County,Regular local school district,0101770,35,6205,Quarterly,11/10/20,12/31/20,In-person,,,,In-person and virtual,,,,5150,0,1055,,
Alabama ,AL,District,No,,,,,Houston County,Regular local school district,0101770,35,6205,Quarterly,1/1/21,3/13/21,In-person,,,,In-person and virtual,,,,5460,0,745,,
Alabama ,AL,District,No,,,,,Houston County,Regular local school district,0101770,35,6205,Quarterly,3/14/21,5/21/21,In-person,,,,In-person and virtual,,,,5460,0,745,,
Alabama ,AL,District,No,,,,,Huntsville City,Regular local school district,0101800,159,22780,Quarterly,8/17/20,10/18/20,In-person,,,,In-person and virtual,,,,13896,0,8884,,
Alabama ,AL,District,No,,,,,Huntsville City,Regular local school district,0101800,159,22780,Quarterly,10/19/20,12/31/20,In-person,,,,In-person and virtual,,,,14124,0,8656,,
Alabama ,AL,District,No,,,,,Huntsville City,Regular local school district,0101800,159,22780,Quarterly,1/1/21,3/13/21,In-person,,,,In-person and virtual,,,,15946,0,6834,,
Alabama ,AL,District,No,,,,,Huntsville City,Regular local school district,0101800,159,22780,Quarterly,3/14/21,5/21/21,In-person,,,,In-person and virtual,,,,15946,0,6834,,
Alabama ,AL,District,Yes,,,,,i3 Academy,Charter agency,0100204,805,417,Quarterly,8/20/20,10/21/20,Hybrid,,,,"In-person, virtual and blended",,,,183,83,150,,
Alabama ,AL,District,Yes,,,,,i3 Academy,Charter agency,0100204,805,417,Quarterly,10/22/20,12/31/20,Hybrid,,,,"In-person, virtual and blended",,,,150,50,217,,
Alabama ,AL,District,Yes,,,,,i3 Academy,Charter agency,0100204,805,417,Quarterly,1/1/21,3/13/21,Hybrid,,,,"In-person, virtual and blended",,,,288,58,71,,
Alabama ,AL,District,Yes,,,,,i3 Academy,Charter agency,0100204,805,417,Quarterly,3/14/21,5/21/21,Hybrid,,,,"In-person, virtual and blended",,,,313,38,67,,
Alabama ,AL,District,No,,,,,Jackson County,Regular local school district,0101830,36,4978,Quarterly,8/7/20,10/8/20,In-person,,,,In-person and virtual,,,,3684,0,1294,,
Alabama ,AL,District,No,,,,,Jackson County,Regular local school district,0101830,36,4978,Quarterly,10/9/20,12/31/20,In-person,,,,In-person and virtual,,,,3883,0,1095,,
Alabama ,AL,District,No,,,,,Jackson County,Regular local school district,0101830,36,4978,Quarterly,1/1/21,3/13/21,In-person,,,,In-person and virtual,,,,3734,0,1244,,
Alabama ,AL,District,No,,,,,Jackson County,Regular local school district,0101830,36,4978,Quarterly,3/14/21,5/21/21,In-person,,,,In-person and virtual,,,,4132,0,846,,
Alabama ,AL,District,No,,,,,Jacksonville City,Regular local school district,0101860,162,1618,Quarterly,8/18/20,10/19/20,In-person,,,,In-person and virtual,,,,1100,0,518,,
Alabama ,AL,District,No,,,,,Jacksonville City,Regular local school district,0101860,162,1618,Quarterly,10/20/20,12/31/20,In-person,,,,In-person and virtual,,,,1149,0,469,,
Alabama ,AL,District,No,,,,,Jacksonville City,Regular local school district,0101860,162,1618,Quarterly,1/1/21,3/13/21,In-person,,,,In-person and virtual,,,,1197,0,421,,
Alabama ,AL,District,No,,,,,Jacksonville City,Regular local school district,0101860,162,1618,Quarterly,3/14/21,5/21/21,In-person,,,,In-person and virtual,,,,1262,0,356,,
Alabama ,AL,District,No,,,,,Jasper City,Regular local school district,0101890,163,2554,Quarterly,8/20/20,10/21/20,In-person,,,,In-person and virtual,,,,2094,0,460,,
Alabama ,AL,District,No,,,,,Jasper City,Regular local school district,0101890,163,2554,Quarterly,10/22/20,12/31/20,In-person,,,,In-person and virtual,,,,1967,0,587,,
Alabama ,AL,District,No,,,,,Jasper City,Regular local school district,0101890,163,2554,Quarterly,1/1/21,3/13/21,In-person,,,,In-person and virtual,,,,2171,0,383,,
Alabama ,AL,District,No,,,,,Jasper City,Regular local school district,0101890,163,2554,Quarterly,3/14/21,5/21/21,In-person,,,,In-person and virtual,,,,2503,0,51,,
Alabama ,AL,District,No,,,,,Jefferson County,Regular local school district,0101920,37,34702,Quarterly,9/1/20,11/2/20,In-person,,,,In-person and virtual,,,,21168,0,13534,,
Alabama ,AL,District,No,,,,,Jefferson County,Regular local school district,0101920,37,34702,Quarterly,11/3/20,12/31/20,In-person,,,,In-person and virtual,,,,21862,0,12840,,
Alabama ,AL,District,No,,,,,Jefferson County,Regular local school district,0101920,37,34702,Quarterly,1/1/21,3/13/21,In-person,,,,In-person and virtual,,,,22209,0,12493,,
Alabama ,AL,District,No,,,,,Jefferson County,Regular local school district,0101920,37,34702,Quarterly,3/14/21,5/21/21,In-person,,,,In-person and virtual,,,,23250,0,11452,,
Alabama ,AL,District,No,,,,,Lamar County,Regular local school district,0101950,38,2194,Quarterly,8/24/20,10/25/20,In-person,,,,In-person and virtual,,,,1755,0,439,,
Alabama ,AL,District,No,,,,,Lamar County,Regular local school district,0101950,38,2194,Quarterly,10/26/20,12/31/20,In-person,,,,In-person and virtual,,,,1975,0,219,,
Alabama ,AL,District,No,,,,,Lamar County,Regular local school district,0101950,38,2194,Quarterly,1/1/21,3/13/21,In-person,,,,In-person and virtual,,,,1821,0,373,,
Alabama ,AL,District,No,,,,,Lamar County,Regular local school district,0101950,38,2194,Quarterly,3/14/21,5/21/21,In-person,,,,In-person and virtual,,,,1821,0,373,,
Alabama ,AL,District,No,,,,,Lanett City,Regular local school district,0101980,165,937,Quarterly,8/24/20,10/25/20,Hybrid,,,,Virtual and blended,,,,0,787,150,,
Alabama ,AL,District,No,,,,,Lanett City,Regular local school district,0101980,165,937,Quarterly,10/26/20,12/31/20,Hybrid,,,,Virtual and blended,,,,0,787,150,,
Alabama ,AL,District,No,,,,,Lanett City,Regular local school district,0101980,165,937,Quarterly,1/1/21,3/13/21,In-person,,,,In-person and virtual,,,,834,0,103,,
Alabama ,AL,District,No,,,,,Lanett City,Regular local school district,0101980,165,937,Quarterly,3/14/21,5/21/21,In-person,,,,In-person and virtual,,,,834,0,103,,
Alabama ,AL,District,No,,,,,Lauderdale County,Regular local school district,0102010,39,7663,Quarterly,8/24/20,10/25/20,In-person,,,,In-person and virtual,,,,6207,0,1456,,
Alabama ,AL,District,No,,,,,Lauderdale County,Regular local school district,0102010,39,7663,Quarterly,10/26/20,12/31/20,In-person,,,,In-person and virtual,,,,6590,0,1073,,
Alabama ,AL,District,No,,,,,Lauderdale County,Regular local school district,0102010,39,7663,Quarterly,1/1/21,3/13/21,Hybrid,,,,Virtual and blended,,,,0,6514,1149,,
Alabama ,AL,District,No,,,,,Lauderdale County,Regular local school district,0102010,39,7663,Quarterly,3/14/21,5/21/21,In-person,,,,In-person and virtual,,,,6514,0,1149,,
Alabama ,AL,District,No,,,,,Lawrence County,Regular local school district,0102040,40,4557,Quarterly,8/12/20,10/13/20,Hybrid,,,,"In-person, virtual and blended",,,,3008,547,1003,,
Alabama ,AL,District,No,,,,,Lawrence County,Regular local school district,0102040,40,4557,Quarterly,10/14/20,12/31/20,Hybrid,,,,"In-person, virtual and blended",,,,3281,410,866,,
Alabama ,AL,District,No,,,,,Lawrence County,Regular local school district,0102040,40,4557,Quarterly,1/1/21,3/13/21,Hybrid,,,,"In-person, virtual and blended",,,,3554,365,638,,
Alabama ,AL,District,No,,,,,Lawrence County,Regular local school district,0102040,40,4557,Quarterly,3/14/21,5/21/21,Hybrid,,,,"In-person, virtual and blended",,,,3600,365,592,,
Alabama ,AL,District,Yes,,,,,LEAD Academy,Charter agency,0100203,802,458,Quarterly,8/17/20,10/18/20,In-person,,,,In-person and virtual,,,,211,0,247,,
Alabama ,AL,District,Yes,,,,,LEAD Academy,Charter agency,0100203,802,458,Quarterly,10/19/20,12/31/20,In-person,,,,In-person and virtual,,,,302,0,156,,
Alabama ,AL,District,Yes,,,,,LEAD Academy,Charter agency,0100203,802,458,Quarterly,1/1/21,3/13/21,In-person,,,,In-person and virtual,,,,289,0,169,,
Alabama ,AL,District,Yes,,,,,LEAD Academy,Charter agency,0100203,802,458,Quarterly,3/14/21,5/21/21,In-person,,,,In-person and virtual,,,,348,0,110,,
Alabama ,AL,District,No,,,,,Lee County,Regular local school district,0102070,41,9090,Quarterly,8/17/20,10/18/20,In-person,,,,In-person and virtual,,,,6727,0,2363,,
Alabama ,AL,District,No,,,,,Lee County,Regular local school district,0102070,41,9090,Quarterly,10/19/20,12/31/20,In-person,,,,In-person and virtual,,,,7181,0,1909,,
Alabama ,AL,District,No,,,,,Lee County,Regular local school district,0102070,41,9090,Quarterly,1/1/21,3/13/21,In-person,,,,In-person and virtual,,,,7272,0,1818,,
Alabama ,AL,District,No,,,,,Lee County,Regular local school district,0102070,41,9090,Quarterly,3/14/21,5/21/21,In-person,,,,In-person and virtual,,,,7363,0,1727,,
Alabama ,AL,District,No,,,,,Leeds City,Regular local school district,0100011,167,1962,Quarterly,8/20/20,10/21/20,In-person,,,,In-person and virtual,,,,1354,0,608,,
Alabama ,AL,District,No,,,,,Leeds City,Regular local school district,0100011,167,1962,Quarterly,10/22/20,12/31/20,In-person,,,,In-person and virtual,,,,1628,0,334,,
Alabama ,AL,District,No,,,,,Leeds City,Regular local school district,0100011,167,1962,Quarterly,1/1/21,3/13/21,In-person,,,,In-person and virtual,,,,1609,0,353,,
Alabama ,AL,District,No,,,,,Leeds City,Regular local school district,0100011,167,1962,Quarterly,3/14/21,5/21/21,In-person,,,,In-person and virtual,,,,1609,0,353,,
Alabama ,AL,District,Yes,,,,,Legacy Prep,Charter agency,0100201,803,259,Quarterly,8/24/20,10/25/20,In-person,,,,In-person and virtual,,,,176,0,83,,
Alabama ,AL,District,Yes,,,,,Legacy Prep,Charter agency,0100201,803,259,Quarterly,10/26/20,12/31/20,In-person,,,,In-person and virtual,,,,192,0,67,,
Alabama ,AL,District,Yes,,,,,Legacy Prep,Charter agency,0100201,803,259,Quarterly,1/1/21,3/13/21,In-person,,,,In-person and virtual,,,,192,0,67,,
Alabama ,AL,District,Yes,,,,,Legacy Prep,Charter agency,0100201,803,259,Quarterly,3/14/21,5/21/21,In-person,,,,In-person and virtual,,,,205,0,54,,
Alabama ,AL,District,No,,,,,Limestone County,Regular local school district,0102100,42,12879,Quarterly,8/7/20,10/8/20,In-person,,,,In-person and virtual,,,,9015,0,3864,,
Alabama ,AL,District,No,,,,,Limestone County,Regular local school district,0102100,42,12879,Quarterly,10/9/20,12/31/20,In-person,,,,In-person and virtual,,,,9530,0,3349,,
Alabama ,AL,District,No,,,,,Limestone County,Regular local school district,0102100,42,12879,Quarterly,1/1/21,3/13/21,In-person,,,,In-person and virtual,,,,10432,0,2447,,
Alabama ,AL,District,No,,,,,Limestone County,Regular local school district,0102100,42,12879,Quarterly,3/14/21,5/21/21,In-person,,,,In-person and virtual,,,,10432,0,2447,,
Alabama ,AL,District,No,,,,,Linden City,Regular local school district,0102130,168,485,Quarterly,8/10/20,10/11/20,Hybrid,,,,Virtual and blended,,,,0,252,233,,
Alabama ,AL,District,No,,,,,Linden City,Regular local school district,0102130,168,485,Quarterly,10/12/20,12/31/20,In-person,,,,In-person and virtual,,,,320,0,165,,
Alabama ,AL,District,No,,,,,Linden City,Regular local school district,0102130,168,485,Quarterly,1/1/21,3/13/21,Hybrid,,,,Virtual and blended,,,,0,291,194,,
Alabama ,AL,District,No,,,,,Linden City,Regular local school district,0102130,168,485,Quarterly,3/14/21,5/21/21,Hybrid,,,,Virtual and blended,,,,0,344,141,,
Alabama ,AL,District,No,,,,,Lowndes County,Regular local school district,0102160,43,1235,Quarterly,8/26/20,10/27/20,Virtual,,,,Virtual,,,,0,0,1235,,
Alabama ,AL,District,No,,,,,Lowndes County,Regular local school district,0102160,43,1235,Quarterly,10/28/20,12/31/20,Virtual,,,,Virtual,,,,0,0,1235,,
Alabama ,AL,District,No,,,,,Lowndes County,Regular local school district,0102160,43,1235,Quarterly,1/1/21,3/13/21,Virtual,,,,Virtual,,,,0,0,1235,,
Alabama ,AL,District,No,,,,,Lowndes County,Regular local school district,0102160,43,1235,Quarterly,3/14/21,5/21/21,In-person,,,,In-person and virtual,,,,494,0,741,,
Alabama ,AL,District,No,,,,,Macon County,Regular local school district,0102190,44,1826,Quarterly,8/6/20,10/7/20,Hybrid,,,,Virtual and blended,,,,0,9,1808,,
Alabama ,AL,District,No,,,,,Macon County,Regular local school district,0102190,44,1826,Quarterly,10/8/20,12/31/20,Hybrid,,,,Virtual and blended,,,,0,456,1370,,
Alabama ,AL,District,No,,,,,Macon County,Regular local school district,0102190,44,1826,Quarterly,1/1/21,3/13/21,Hybrid,,,,Virtual and blended,,,,0,383,1443,,
Alabama ,AL,District,No,,,,,Macon County,Regular local school district,0102190,44,1826,Quarterly,3/14/21,5/21/21,In-person,,,,In-person and virtual,,,,767,0,1059,,
Alabama ,AL,District,No,,,,,Madison City,Regular local school district,0100008,169,11510,Quarterly,8/12/20,10/13/20,In-person,,,,In-person and virtual,,,,7136,0,4374,,
Alabama ,AL,District,No,,,,,Madison City,Regular local school district,0100008,169,11510,Quarterly,10/14/20,12/31/20,In-person,,,,In-person and virtual,,,,7597,0,3913,,
Alabama ,AL,District,No,,,,,Madison City,Regular local school district,0100008,169,11510,Quarterly,1/1/21,3/13/21,In-person,,,,In-person and virtual,,,,8632,0,2878,,
Alabama ,AL,District,No,,,,,Madison City,Regular local school district,0100008,169,11510,Quarterly,3/14/21,5/21/21,In-person,,,,In-person and virtual,,,,8748,0,2762,,
Alabama ,AL,District,No,,,,,Madison County,Regular local school district,0102220,45,18716,Quarterly,8/19/20,10/20/20,In-person,,,,In-person and virtual,,,,12540,0,6176,,
Alabama ,AL,District,No,,,,,Madison County,Regular local school district,0102220,45,18716,Quarterly,10/21/20,12/31/20,In-person,,,,In-person and virtual,,,,13288,0,5428,,
Alabama ,AL,District,No,,,,,Madison County,Regular local school district,0102220,45,18716,Quarterly,1/1/21,3/13/21,In-person,,,,In-person and virtual,,,,13476,0,5240,,
Alabama ,AL,District,No,,,,,Madison County,Regular local school district,0102220,45,18716,Quarterly,3/14/21,5/21/21,In-person,,,,In-person and virtual,,,,13476,0,5240,,
Alabama ,AL,District,No,,,,,Marengo County,Regular local school district,0102250,46,904,Quarterly,8/17/20,10/18/20,In-person,,,,In-person and virtual,,,,570,0,334,,
Alabama ,AL,District,No,,,,,Marengo County,Regular local school district,0102250,46,904,Quarterly,10/19/20,12/31/20,In-person,,,,In-person and virtual,,,,687,0,217,,
Alabama ,AL,District,No,,,,,Marengo County,Regular local school district,0102250,46,904,Quarterly,1/1/21,3/13/21,In-person,,,,In-person and virtual,,,,687,0,217,,
Alabama ,AL,District,No,,,,,Marengo County,Regular local school district,0102250,46,904,Quarterly,3/14/21,5/21/21,In-person,,,,In-person and virtual,,,,732,0,172,,
Alabama ,AL,District,No,,,,,Marion County,Regular local school district,0102310,47,3190,Quarterly,8/24/20,10/25/20,In-person,,,,In-person and virtual,,,,2488,0,702,,
Alabama ,AL,District,No,,,,,Marion County,Regular local school district,0102310,47,3190,Quarterly,10/26/20,12/31/20,In-person,,,,In-person and virtual,,,,2839,0,351,,
Alabama ,AL,District,No,,,,,Marion County,Regular local school district,0102310,47,3190,Quarterly,1/1/21,3/13/21,Hybrid,,,,"In-person, virtual and blended",,,,2871,16,319,,
Alabama ,AL,District,No,,,,,Marion County,Regular local school district,0102310,47,3190,Quarterly,3/14/21,5/21/21,Hybrid,,,,"In-person, virtual and blended",,,,2935,16,255,,
Alabama ,AL,District,No,,,,,Marshall County,Regular local school district,0100006,48,5544,Quarterly,8/20/20,10/21/20,In-person,,,,In-person and virtual,,,,4047,0,1497,,
Alabama ,AL,District,No,,,,,Marshall County,Regular local school district,0100006,48,5544,Quarterly,10/22/20,12/31/20,In-person,,,,In-person and virtual,,,,4546,0,998,,
Alabama ,AL,District,No,,,,,Marshall County,Regular local school district,0100006,48,5544,Quarterly,1/1/21,3/13/21,In-person,,,,In-person and virtual,,,,4602,0,942,,
Alabama ,AL,District,No,,,,,Marshall County,Regular local school district,0100006,48,5544,Quarterly,3/14/21,5/21/21,In-person,,,,In-person and virtual,,,,4657,0,887,,
Alabama ,AL,District,No,,,,,Midfield City,Regular local school district,0102350,171,1016,Quarterly,8/25/20,10/26/20,Virtual,,,,Virtual,,,,0,0,1016,,
Alabama ,AL,District,No,,,,,Midfield City,Regular local school district,0102350,171,1016,Quarterly,10/27/20,12/31/20,Virtual,,,,Virtual,,,,0,0,1016,,
Alabama ,AL,District,No,,,,,Midfield City,Regular local school district,0102350,171,1016,Quarterly,1/1/21,3/13/21,Virtual,,,,Virtual,,,,0,0,1016,,
Alabama ,AL,District,No,,,,,Midfield City,Regular local school district,0102350,171,1016,Quarterly,3/14/21,5/21/21,In-person,,,,In-person and virtual,,,,620,0,396,,
Alabama ,AL,District,No,,,,,Mobile County,Regular local school district,0102370,49,50916,Quarterly,9/1/20,11/2/20,In-person,,,,In-person and virtual,,,,27495,0,20366,,
Alabama ,AL,District,No,,,,,Mobile County,Regular local school district,0102370,49,50916,Quarterly,11/3/20,12/31/20,In-person,,,,In-person and virtual,,,,27495,0,20366,,
Alabama ,AL,District,No,,,,,Mobile County,Regular local school district,0102370,49,50916,Quarterly,1/1/21,3/13/21,,,,,No Report,,,,,,,,
Alabama ,AL,District,No,,,,,Mobile County,Regular local school district,0102370,49,50916,Quarterly,3/14/21,5/21/21,In-person,,,,In-person and virtual,,,,28004,0,19857,,
Alabama ,AL,District,No,,,,,Monroe County,Regular local school district,0102400,50,3053,Quarterly,8/17/20,10/18/20,Virtual,,,,Virtual,,,,0,0,3053,,
Alabama ,AL,District,No,,,,,Monroe County,Regular local school district,0102400,50,3053,Quarterly,10/19/20,12/31/20,In-person,,,,In-person and virtual,,,,2290,0,763,,
Alabama ,AL,District,No,,,,,Monroe County,Regular local school district,0102400,50,3053,Quarterly,1/1/21,3/13/21,Hybrid,,,,"In-person, virtual and blended",,,,2107,31,916,,
Alabama ,AL,District,No,,,,,Monroe County,Regular local school district,0102400,50,3053,Quarterly,3/14/21,5/21/21,In-person,,,,In-person and virtual,,,,2229,0,824,,
Alabama ,AL,District,No,,,,,Montgomery County,Regular local school district,0102430,51,27022,Quarterly,8/10/20,10/11/20,Virtual,,,,Virtual,,,,0,0,27022,,
Alabama ,AL,District,No,,,,,Montgomery County,Regular local school district,0102430,51,27022,Quarterly,10/12/20,12/31/20,In-person,,,,In-person and virtual,,,,9998,0,17024,,
Alabama ,AL,District,No,,,,,Montgomery County,Regular local school district,0102430,51,27022,Quarterly,1/1/21,3/13/21,In-person,,,,In-person and virtual,,,,8107,0,18915,,
Alabama ,AL,District,No,,,,,Montgomery County,Regular local school district,0102430,51,27022,Quarterly,3/14/21,5/21/21,In-person,,,,In-person and virtual,,,,10809,0,16213,,
Alabama ,AL,District,No,,,,,Morgan County,Regular local school district,0102480,52,7275,Quarterly,8/12/20,10/13/20,Hybrid,,,,"In-person, virtual and blended",,,,5384,1892,36,,
Alabama ,AL,District,No,,,,,Morgan County,Regular local school district,0102480,52,7275,Quarterly,10/14/20,12/31/20,Hybrid,,,,"In-person, virtual and blended",,,,5456,1819,36,,
Alabama ,AL,District,No,,,,,Morgan County,Regular local school district,0102480,52,7275,Quarterly,1/1/21,3/13/21,Hybrid,,,,"In-person, virtual and blended",,,,5529,1600,36,,
Alabama ,AL,District,No,,,,,Morgan County,Regular local school district,0102480,52,7275,Quarterly,3/14/21,5/21/21,Hybrid,,,,"In-person, virtual and blended",,,,5529,1600,36,,
Alabama ,AL,District,No,,,,,Mountain Brook City,Regular local school district,0102490,175,4376,Quarterly,8/20/20,10/21/20,Hybrid,,,,"In-person, virtual and blended",,,,2232,1838,306,,
Alabama ,AL,District,No,,,,,Mountain Brook City,Regular local school district,0102490,175,4376,Quarterly,10/22/20,12/31/20,Hybrid,,,,"In-person, virtual and blended",,,,4113,22,219,,
Alabama ,AL,District,No,,,,,Mountain Brook City,Regular local school district,0102490,175,4376,Quarterly,1/1/21,3/13/21,In-person,,,,In-person and virtual,,,,4157,0,219,,
Alabama ,AL,District,No,,,,,Mountain Brook City,Regular local school district,0102490,175,4376,Quarterly,3/14/21,5/21/21,Hybrid,,,,"In-person, virtual and blended",,,,4201,22,131,,
Alabama ,AL,District,No,,,,,Muscle Shoals City,Regular local school district,0102520,176,2766,Quarterly,8/20/20,10/21/20,In-person,,,,In-person and virtual,,,,2213,0,553,,
Alabama ,AL,District,No,,,,,Muscle Shoals City,Regular local school district,0102520,176,2766,Quarterly,10/22/20,12/31/20,In-person,,,,In-person and virtual,,,,443,0,2268,,
Alabama ,AL,District,No,,,,,Muscle Shoals City,Regular local school district,0102520,176,2766,Quarterly,1/1/21,3/13/21,In-person,,,,In-person and virtual,,,,2434,0,332,,
Alabama ,AL,District,No,,,,,Muscle Shoals City,Regular local school district,0102520,176,2766,Quarterly,3/14/21,5/21/21,In-person,,,,In-person and virtual,,,,2434,0,332,,
Alabama ,AL,District,No,,,,,Oneonta City,Regular local school district,0102550,178,1434,Quarterly,8/18/20,10/19/20,Hybrid,,,,"In-person, virtual and blended",,,,488,545,402,,
Alabama ,AL,District,No,,,,,Oneonta City,Regular local school district,0102550,178,1434,Quarterly,10/20/20,12/31/20,In-person,,,,In-person and virtual,,,,1018,0,416,,
Alabama ,AL,District,No,,,,,Oneonta City,Regular local school district,0102550,178,1434,Quarterly,1/1/21,3/13/21,In-person,,,,In-person and virtual,,,,1147,0,287,,
Alabama ,AL,District,No,,,,,Oneonta City,Regular local school district,0102550,178,1434,Quarterly,3/14/21,5/21/21,In-person,,,,In-person and virtual,,,,1262,0,172,,
Alabama ,AL,District,No,,,,,Opelika City,Regular local school district,0102580,179,4678,Quarterly,8/12/20,10/13/20,In-person,,,,In-person and virtual,,,,3134,0,1544,,
Alabama ,AL,District,No,,,,,Opelika City,Regular local school district,0102580,179,4678,Quarterly,10/14/20,12/31/20,In-person,,,,In-person and virtual,,,,3134,0,1544,,
Alabama ,AL,District,No,,,,,Opelika City,Regular local school district,0102580,179,4678,Quarterly,1/1/21,3/13/21,In-person,,,,In-person and virtual,,,,3883,0,795,,
Alabama ,AL,District,No,,,,,Opelika City,Regular local school district,0102580,179,4678,Quarterly,3/14/21,5/21/21,In-person,,,,In-person and virtual,,,,3883,0,795,,
Alabama ,AL,District,No,,,,,Opp City,Regular local school district,0102610,180,1228,Quarterly,8/17/20,10/18/20,Hybrid,,,,Virtual and blended,,,,0,1179,49,,
Alabama ,AL,District,No,,,,,Opp City,Regular local school district,0102610,180,1228,Quarterly,10/19/20,12/31/20,Hybrid,,,,"In-person, virtual and blended",,,,946,270,12,,
Alabama ,AL,District,No,,,,,Opp City,Regular local school district,0102610,180,1228,Quarterly,1/1/21,3/13/21,In-person,,,,In-person and virtual,,,,970,0,258,,
Alabama ,AL,District,No,,,,,Opp City,Regular local school district,0102610,180,1228,Quarterly,3/14/21,5/21/21,In-person,,,,In-person and virtual,,,,995,0,233,,
Alabama ,AL,District,No,,,,,Oxford City,Regular local school district,0102635,181,4047,Quarterly,8/19/20,10/20/20,Hybrid,,,,"In-person, virtual and blended",,,,2590,324,1133,,
Alabama ,AL,District,No,,,,,Oxford City,Regular local school district,0102635,181,4047,Quarterly,10/21/20,12/31/20,Hybrid,,,,"In-person, virtual and blended",,,,3157,202,688,,
Alabama ,AL,District,No,,,,,Oxford City,Regular local school district,0102635,181,4047,Quarterly,1/1/21,3/13/21,Hybrid,,,,"In-person, virtual and blended",,,,3035,486,526,,
Alabama ,AL,District,No,,,,,Oxford City,Regular local school district,0102635,181,4047,Quarterly,3/14/21,5/21/21,Hybrid,,,,"In-person, virtual and blended",,,,3076,405,567,,
Alabama ,AL,District,No,,,,,Ozark City,Regular local school district,0102640,182,1960,Quarterly,9/8/20,11/9/20,In-person,,,,In-person and virtual,,,,1509,0,451,,
Alabama ,AL,District,No,,,,,Ozark City,Regular local school district,0102640,182,1960,Quarterly,11/10/20,12/31/20,In-person,,,,In-person and virtual,,,,1588,0,372,,
Alabama ,AL,District,No,,,,,Ozark City,Regular local school district,0102640,182,1960,Quarterly,1/1/21,3/13/21,In-person,,,,In-person and virtual,,,,1686,0,274,,
Alabama ,AL,District,No,,,,,Ozark City,Regular local school district,0102640,182,1960,Quarterly,3/14/21,5/21/21,In-person,,,,In-person and virtual,,,,1725,0,235,,
Alabama ,AL,District,No,,,,,Pelham City,Regular local school district,0100194,177,3395,Quarterly,8/19/20,10/20/20,Hybrid,,,,"In-person, virtual and blended",,,,2071,238,1086,,
Alabama ,AL,District,No,,,,,Pelham City,Regular local school district,0100194,177,3395,Quarterly,10/21/20,12/31/20,Hybrid,,,,"In-person, virtual and blended",,,,2071,238,1086,,
Alabama ,AL,District,No,,,,,Pelham City,Regular local school district,0100194,177,3395,Quarterly,1/1/21,3/13/21,In-person,,,,In-person and virtual,,,,2784,0,611,,
Alabama ,AL,District,No,,,,,Pelham City,Regular local school district,0100194,177,3395,Quarterly,3/14/21,5/21/21,In-person,,,,In-person and virtual,,,,2784,0,611,,
Alabama ,AL,District,No,,,,,Pell City,Regular local school district,0102650,183,3946,Quarterly,8/21/20,10/22/20,Hybrid,,,,"In-person, virtual and blended",,,,1657,1105,1184,,
Alabama ,AL,District,No,,,,,Pell City,Regular local school district,0102650,183,3946,Quarterly,10/23/20,12/31/20,Hybrid,,,,"In-person, virtual and blended",,,,1815,1144,986,,
Alabama ,AL,District,No,,,,,Pell City,Regular local school district,0102650,183,3946,Quarterly,1/1/21,3/13/21,In-person,,,,In-person and virtual,,,,3315,0,631,,
Alabama ,AL,District,No,,,,,Pell City,Regular local school district,0102650,183,3946,Quarterly,3/14/21,5/21/21,In-person,,,,In-person and virtual,,,,3315,0,631,,
Alabama ,AL,District,No,,,,,Perry County,Regular local school district,0102670,53,1120,Quarterly,8/24/20,10/25/20,Virtual,,,,Virtual,,,,0,0,1120,,
Alabama ,AL,District,No,,,,,Perry County,Regular local school district,0102670,53,1120,Quarterly,10/26/20,12/31/20,Hybrid,,,,Virtual and blended,,,,0,358,762,,
Alabama ,AL,District,No,,,,,Perry County,Regular local school district,0102670,53,1120,Quarterly,1/1/21,3/13/21,Hybrid,,,,Virtual and blended,,,,0,370,750,,
Alabama ,AL,District,No,,,,,Perry County,Regular local school district,0102670,53,1120,Quarterly,3/14/21,5/21/21,In-person,,,,In-person and virtual,,,,336,0,784,,
Alabama ,AL,District,No,,,,,Phenix City,Regular local school district,0102700,184,7048,Quarterly,8/17/20,10/18/20,Hybrid,,,,"In-person, virtual and blended",,,,4652,211,2185,,
Alabama ,AL,District,No,,,,,Phenix City,Regular local school district,0102700,184,7048,Quarterly,10/19/20,12/31/20,Hybrid,,,,"In-person, virtual and blended",,,,5075,211,1762,,
Alabama ,AL,District,No,,,,,Phenix City,Regular local school district,0102700,184,7048,Quarterly,1/1/21,3/13/21,Hybrid,,,,"In-person, virtual and blended",,,,5216,211,1621,,
Alabama ,AL,District,No,,,,,Phenix City,Regular local school district,0102700,184,7048,Quarterly,3/14/21,5/21/21,Hybrid,,,,"In-person, virtual and blended",,,,5216,211,1621,,
Alabama ,AL,District,No,,,,,Pickens County,Regular local school district,0102730,54,2319,Quarterly,8/26/20,10/27/20,Hybrid,,,,"In-person, virtual and blended",,,,1090,557,673,,
Alabama ,AL,District,No,,,,,Pickens County,Regular local school district,0102730,54,2319,Quarterly,10/28/20,12/31/20,Hybrid,,,,"In-person, virtual and blended",,,,858,533,928,,
Alabama ,AL,District,No,,,,,Pickens County,Regular local school district,0102730,54,2319,Quarterly,1/1/21,3/13/21,Hybrid,,,,"In-person, virtual and blended",,,,1044,533,742,,
Alabama ,AL,District,No,,,,,Pickens County,Regular local school district,0102730,54,2319,Quarterly,3/14/21,5/21/21,Hybrid,,,,"In-person, virtual and blended",,,,997,533,788,,
Alabama ,AL,District,No,,,,,Piedmont City,Regular local school district,0102760,185,1100,Quarterly,8/19/20,10/20/20,In-person,,,,In-person and virtual,,,,792,0,308,,
Alabama ,AL,District,No,,,,,Piedmont City,Regular local school district,0102760,185,1100,Quarterly,10/21/20,12/31/20,In-person,,,,In-person and virtual,,,,913,0,187,,
Alabama ,AL,District,No,,,,,Piedmont City,Regular local school district,0102760,185,1100,Quarterly,1/1/21,3/13/21,In-person,,,,In-person and virtual,,,,924,0,176,,
Alabama ,AL,District,No,,,,,Piedmont City,Regular local school district,0102760,185,1100,Quarterly,3/14/21,5/21/21,In-person,,,,In-person and virtual,,,,957,0,143,,
Alabama ,AL,District,No,,,,,Pike County,Regular local school district,0102790,55,2102,Quarterly,8/24/20,10/25/20,In-person,,,,In-person and virtual,,,,946,0,1156,,
Alabama ,AL,District,No,,,,,Pike County,Regular local school district,0102790,55,2102,Quarterly,10/26/20,12/31/20,In-person,,,,In-person and virtual,,,,841,0,1261,,
Alabama ,AL,District,No,,,,,Pike County,Regular local school district,0102790,55,2102,Quarterly,1/1/21,3/13/21,In-person,,,,In-person and virtual,,,,1682,0,420,,
Alabama ,AL,District,No,,,,,Pike County,Regular local school district,0102790,55,2102,Quarterly,3/14/21,5/21/21,In-person,,,,In-person and virtual,,,,1955,0,147,,
Alabama ,AL,District,No,,,,,Pike Road City,Regular local school district,0100195,186,2406,Quarterly,8/20/20,10/21/20,Hybrid,,,,"In-person, virtual and blended",,,,1299,409,698,,
Alabama ,AL,District,No,,,,,Pike Road City,Regular local school district,0100195,186,2406,Quarterly,10/22/20,12/31/20,Hybrid,,,,"In-person, virtual and blended",,,,1708,72,626,,
Alabama ,AL,District,No,,,,,Pike Road City,Regular local school district,0100195,186,2406,Quarterly,1/1/21,3/13/21,In-person,,,,In-person and virtual,,,,1732,0,674,,
Alabama ,AL,District,No,,,,,Pike Road City,Regular local school district,0100195,186,2406,Quarterly,3/14/21,5/21/21,In-person,,,,In-person and virtual,,,,1853,0,553,,
Alabama ,AL,District,No,,,,,Randolph County,Regular local school district,0102820,56,1978,Quarterly,8/27/20,10/28/20,Hybrid,,,,Virtual and blended,,,,0,1662,316,,
Alabama ,AL,District,No,,,,,Randolph County,Regular local school district,0102820,56,1978,Quarterly,10/29/20,12/31/20,In-person,,,,In-person and virtual,,,,1760,0,218,,
Alabama ,AL,District,No,,,,,Randolph County,Regular local school district,0102820,56,1978,Quarterly,1/1/21,3/13/21,In-person,,,,In-person and virtual,,,,1840,0,138,,
Alabama ,AL,District,No,,,,,Randolph County,Regular local school district,0102820,56,1978,Quarterly,3/14/21,5/21/21,In-person,,,,In-person and virtual,,,,1840,0,138,,
Alabama ,AL,District,No,,,,,Roanoke City,Regular local school district,0102850,188,1399,Quarterly,8/20/20,10/21/20,In-person,,,,In-person and virtual,,,,797,0,602,,
Alabama ,AL,District,No,,,,,Roanoke City,Regular local school district,0102850,188,1399,Quarterly,10/22/20,12/31/20,In-person,,,,In-person and virtual,,,,1147,0,252,,
Alabama ,AL,District,No,,,,,Roanoke City,Regular local school district,0102850,188,1399,Quarterly,1/1/21,3/13/21,In-person,,,,In-person and virtual,,,,1161,0,238,,
Alabama ,AL,District,No,,,,,Roanoke City,Regular local school district,0102850,188,1399,Quarterly,3/14/21,5/21/21,In-person,,,,In-person and virtual,,,,1161,0,238,,
Alabama ,AL,District,No,,,,,Russell County,Regular local school district,0102880,57,3408,Quarterly,8/10/20,10/11/20,In-person,,,,In-person and virtual,,,,1908,0,1500,,
Alabama ,AL,District,No,,,,,Russell County,Regular local school district,0102880,57,3408,Quarterly,10/12/20,12/31/20,In-person,,,,In-person and virtual,,,,2147,0,1261,,
Alabama ,AL,District,No,,,,,Russell County,Regular local school district,0102880,57,3408,Quarterly,1/1/21,3/13/21,In-person,,,,In-person and virtual,,,,2317,0,1091,,
Alabama ,AL,District,No,,,,,Russell County,Regular local school district,0102880,57,3408,Quarterly,3/14/21,5/21/21,In-person,,,,In-person and virtual,,,,1091,0,1295,,
Alabama ,AL,District,No,,,,,Russellville City,Regular local school district,0102910,189,2443,Quarterly,8/19/20,10/20/20,Hybrid,,,,"In-person, virtual and blended",,,,2125,12,318,,
Alabama ,AL,District,No,,,,,Russellville City,Regular local school district,0102910,189,2443,Quarterly,10/21/20,12/31/20,Hybrid,,,,"In-person, virtual and blended",,,,2296,12,147,,
Alabama ,AL,District,No,,,,,Russellville City,Regular local school district,0102910,189,2443,Quarterly,1/1/21,3/13/21,Hybrid,,,,"In-person, virtual and blended",,,,2321,12,98,,
Alabama ,AL,District,No,,,,,Russellville City,Regular local school district,0102910,189,2443,Quarterly,3/14/21,5/21/21,Hybrid,,,,"In-person, virtual and blended",,,,2394,12,49,,
Alabama ,AL,District,No,,,,,Saraland City,Regular local school district,0100185,187,3116,Quarterly,8/6/20,10/7/20,In-person,,,,In-person and virtual,,,,2617,0,499,,
Alabama ,AL,District,No,,,,,Saraland City,Regular local school district,0100185,187,3116,Quarterly,10/8/20,12/31/20,In-person,,,,In-person and virtual,,,,2804,0,312,,
Alabama ,AL,District,No,,,,,Saraland City,Regular local school district,0100185,187,3116,Quarterly,1/1/21,3/13/21,In-person,,,,In-person and virtual,,,,2929,0,187,,
Alabama ,AL,District,No,,,,,Saraland City,Regular local school district,0100185,187,3116,Quarterly,3/14/21,5/21/21,In-person,,,,In-person and virtual,,,,2929,0,187,,
Alabama ,AL,District,No,,,,,Satsuma City,Regular local school district,0100189,196,1485,Quarterly,8/17/20,10/18/20,Hybrid,,,,"In-person, virtual and blended",,,,1099,89,297,,
Alabama ,AL,District,No,,,,,Satsuma City,Regular local school district,0100189,196,1485,Quarterly,10/19/20,12/31/20,Hybrid,,,,"In-person, virtual and blended",,,,1351,7,119,,
Alabama ,AL,District,No,,,,,Satsuma City,Regular local school district,0100189,196,1485,Quarterly,1/1/21,3/13/21,In-person,,,,In-person and virtual,,,,1351,0,134,,
Alabama ,AL,District,No,,,,,Satsuma City,Regular local school district,0100189,196,1485,Quarterly,3/14/21,5/21/21,In-person,,,,In-person and virtual,,,,1381,0,104,,
Alabama ,AL,District,No,,,,,Scottsboro City,Regular local school district,0102940,190,2384,Quarterly,8/24/20,10/25/20,In-person,,,,In-person and virtual,,,,1740,0,644,,
Alabama ,AL,District,No,,,,,Scottsboro City,Regular local school district,0102940,190,2384,Quarterly,10/26/20,12/31/20,In-person,,,,In-person and virtual,,,,2026,0,358,,
Alabama ,AL,District,No,,,,,Scottsboro City,Regular local school district,0102940,190,2384,Quarterly,1/1/21,3/13/21,Hybrid,,,,"In-person, virtual and blended",,,,1955,24,405,,
Alabama ,AL,District,No,,,,,Scottsboro City,Regular local school district,0102940,190,2384,Quarterly,3/14/21,5/21/21,Hybrid,,,,"In-person, virtual and blended",,,,2003,24,358,,
Alabama ,AL,District,No,,,,,Selma City,Regular local school district,0102970,191,2683,Quarterly,8/24/20,10/25/20,Virtual,,,,Virtual,,,,0,0,2683,,
Alabama ,AL,District,No,,,,,Selma City,Regular local school district,0102970,191,2683,Quarterly,10/26/20,12/31/20,Virtual,,,,Virtual,,,,0,0,2683,,
Alabama ,AL,District,No,,,,,Selma City,Regular local school district,0102970,191,2683,Quarterly,1/1/21,3/13/21,Virtual,,,,Virtual,,,,0,0,2683,,
Alabama ,AL,District,No,,,,,Selma City,Regular local school district,0102970,191,2683,Quarterly,3/14/21,5/21/21,In-person,,,,In-person and virtual,,,,1234,0,1449,,
Alabama ,AL,District,No,,,,,Sheffield City,Regular local school district,0103000,192,972,Quarterly,8/17/20,10/18/20,Hybrid,,,,Virtual and blended,,,,0,719,253,,
Alabama ,AL,District,No,,,,,Sheffield City,Regular local school district,0103000,192,972,Quarterly,10/19/20,12/31/20,In-person,,,,In-person and virtual,,,,807,0,165,,
Alabama ,AL,District,No,,,,,Sheffield City,Regular local school district,0103000,192,972,Quarterly,1/1/21,3/13/21,In-person,,,,In-person and virtual,,,,846,0,126,,
Alabama ,AL,District,No,,,,,Sheffield City,Regular local school district,0103000,192,972,Quarterly,3/14/21,5/21/21,In-person,,,,In-person and virtual,,,,855,0,117,,
Alabama ,AL,District,No,,,,,Shelby County,Regular local school district,0103030,59,20334,Quarterly,8/13/20,10/14/20,In-person,,,,In-person and virtual,,,,14640,0,5694,,
Alabama ,AL,District,No,,,,,Shelby County,Regular local school district,0103030,59,20334,Quarterly,10/15/20,12/31/20,In-person,,,,In-person and virtual,,,,16064,0,4270,,
Alabama ,AL,District,No,,,,,Shelby County,Regular local school district,0103030,59,20334,Quarterly,1/1/21,3/13/21,In-person,,,,In-person and virtual,,,,15657,0,4677,,
Alabama ,AL,District,No,,,,,Shelby County,Regular local school district,0103030,59,20334,Quarterly,3/14/21,5/21/21,In-person,,,,In-person and virtual,,,,16064,0,4270,,
Alabama ,AL,District,No,,,,,St Clair County,Regular local school district,0103062,58,9132,Quarterly,8/20/20,10/21/20,Hybrid,,,,"In-person, virtual and blended",,,,7123,1370,639,,
Alabama ,AL,District,No,,,,,St Clair County,Regular local school district,0103062,58,9132,Quarterly,10/22/20,12/31/20,Hybrid,,,,"In-person, virtual and blended",,,,7945,548,639,,
Alabama ,AL,District,No,,,,,St Clair County,Regular local school district,0103062,58,9132,Quarterly,1/1/21,3/13/21,Hybrid,,,,"In-person, virtual and blended",,,,8127,913,46,,
Alabama ,AL,District,No,,,,,St Clair County,Regular local school district,0103062,58,9132,Quarterly,3/14/21,5/21/21,Hybrid,,,,"In-person, virtual and blended",,,,8127,913,46,,
Alabama ,AL,District,No,,,,,Sumter County,Regular local school district,0103090,60,1144,Quarterly,8/21/20,10/22/20,Virtual,,,,Virtual,,,,0,0,1144,,
Alabama ,AL,District,No,,,,,Sumter County,Regular local school district,0103090,60,1144,Quarterly,10/23/20,12/31/20,Virtual,,,,Virtual,,,,0,0,1144,,
Alabama ,AL,District,No,,,,,Sumter County,Regular local school district,0103090,60,1144,Quarterly,1/1/21,3/13/21,Hybrid,,,,"In-person, virtual and blended",,,,343,458,343,,
Alabama ,AL,District,No,,,,,Sumter County,Regular local school district,0103090,60,1144,Quarterly,3/14/21,5/21/21,Hybrid,,,,Blended,,,,0,1144,0,,
Alabama ,AL,District,No,,,,,Sylacauga City,Regular local school district,0103120,193,2011,Quarterly,8/27/20,10/28/20,Hybrid,,,,"In-person, virtual and blended",,,,1428,342,241,,
Alabama ,AL,District,No,,,,,Sylacauga City,Regular local school district,0103120,193,2011,Quarterly,10/29/20,12/31/20,Hybrid,,,,"In-person, virtual and blended",,,,1569,201,241,,
Alabama ,AL,District,No,,,,,Sylacauga City,Regular local school district,0103120,193,2011,Quarterly,1/1/21,3/13/21,Hybrid,,,,"In-person, virtual and blended",,,,1629,221,161,,
Alabama ,AL,District,No,,,,,Sylacauga City,Regular local school district,0103120,193,2011,Quarterly,3/14/21,5/21/21,Hybrid,,,,"In-person, virtual and blended",,,,1689,181,141,,
Alabama ,AL,District,No,,,,,Talladega City,Regular local school district,0103150,194,1773,Quarterly,8/19/20,10/20/20,Virtual,,,,Virtual,,,,0,0,1773,,
Alabama ,AL,District,No,,,,,Talladega City,Regular local school district,0103150,194,1773,Quarterly,10/21/20,12/31/20,Hybrid,,,,Virtual and blended,,,,0,1489,284,,
Alabama ,AL,District,No,,,,,Talladega City,Regular local school district,0103150,194,1773,Quarterly,1/1/21,3/13/21,In-person,,,,In-person and virtual,,,,1489,0,284,,
Alabama ,AL,District,No,,,,,Talladega City,Regular local school district,0103150,194,1773,Quarterly,3/14/21,5/21/21,In-person,,,,In-person and virtual,,,,1489,0,284,,
Alabama ,AL,District,No,,,,,Talladega County,Regular local school district,0103180,61,6834,Quarterly,8/20/20,10/21/20,Hybrid,,,,Virtual and blended,,,,0,4920,1914,,
Alabama ,AL,District,No,,,,,Talladega County,Regular local school district,0103180,61,6834,Quarterly,10/22/20,12/31/20,Hybrid,,,,Virtual and blended,,,,0,5741,1093,,
Alabama ,AL,District,No,,,,,Talladega County,Regular local school district,0103180,61,6834,Quarterly,1/1/21,3/13/21,Hybrid,,,,Virtual and blended,,,,0,5877,957,,
Alabama ,AL,District,No,,,,,Talladega County,Regular local school district,0103180,61,6834,Quarterly,3/14/21,5/21/21,In-person,,,,In-person and virtual,,,,5877,0,957,,
Alabama ,AL,District,No,,,,,Tallapoosa County,Regular local school district,0103210,62,2681,Quarterly,8/31/20,11/1/20,In-person,,,,In-person and virtual,,,,2654,0,27,,
Alabama ,AL,District,No,,,,,Tallapoosa County,Regular local school district,0103210,62,2681,Quarterly,11/2/20,12/31/20,In-person,,,,In-person and virtual,,,,2654,0,27,,
Alabama ,AL,District,No,,,,,Tallapoosa County,Regular local school district,0103210,62,2681,Quarterly,1/1/21,3/13/21,In-person,,,,In-person and virtual,,,,2440,0,241,,
Alabama ,AL,District,No,,,,,Tallapoosa County,Regular local school district,0103210,62,2681,Quarterly,3/14/21,5/21/21,In-person,,,,In-person and virtual,,,,2654,0,27,,
Alabama ,AL,District,No,,,,,Tallassee City,Regular local school district,0103240,195,1625,Quarterly,9/8/20,11/9/20,Hybrid,,,,"In-person, virtual and blended",,,,1138,81,406,,
Alabama ,AL,District,No,,,,,Tallassee City,Regular local school district,0103240,195,1625,Quarterly,11/10/20,12/31/20,Hybrid,,,,"In-person, virtual and blended",,,,1300,81,244,,
Alabama ,AL,District,No,,,,,Tallassee City,Regular local school district,0103240,195,1625,Quarterly,1/1/21,3/13/21,Hybrid,,,,"In-person, virtual and blended",,,,1462,49,114,,
Alabama ,AL,District,No,,,,,Tallassee City,Regular local school district,0103240,195,1625,Quarterly,3/14/21,5/21/21,Hybrid,,,,"In-person, virtual and blended",,,,1544,32,49,,
Alabama ,AL,District,No,,,,,Tarrant City,Regular local school district,0103270,197,1202,Quarterly,8/25/20,10/26/20,Hybrid,,,,Virtual and blended,,,,0,962,240,,
Alabama ,AL,District,No,,,,,Tarrant City,Regular local school district,0103270,197,1202,Quarterly,10/27/20,12/31/20,In-person,,,,In-person and virtual,,,,962,0,240,,
Alabama ,AL,District,No,,,,,Tarrant City,Regular local school district,0103270,197,1202,Quarterly,1/1/21,3/13/21,Hybrid,,,,"In-person, virtual and blended",,,,541,349,313,,
Alabama ,AL,District,No,,,,,Tarrant City,Regular local school district,0103270,197,1202,Quarterly,3/14/21,5/21/21,Hybrid,,,,"In-person, virtual and blended",,,,541,349,313,,
Alabama ,AL,District,No,,,,,Thomasville City,Regular local school district,0103300,198,1069,Quarterly,8/17/20,10/18/20,In-person,,,,In-person and virtual,,,,663,0,406,,
Alabama ,AL,District,No,,,,,Thomasville City,Regular local school district,0103300,198,1069,Quarterly,10/19/20,12/31/20,In-person,,,,In-person and virtual,,,,812,0,257,,
Alabama ,AL,District,No,,,,,Thomasville City,Regular local school district,0103300,198,1069,Quarterly,1/1/21,3/13/21,In-person,,,,In-person and virtual,,,,770,0,299,,
Alabama ,AL,District,No,,,,,Thomasville City,Regular local school district,0103300,198,1069,Quarterly,3/14/21,5/21/21,In-person,,,,In-person and virtual,,,,791,0,278,,
Alabama ,AL,District,No,,,,,Troy City,Regular local school district,0103330,199,1644,Quarterly,8/24/20,10/25/20,Hybrid,,,,"In-person, virtual and blended",,,,904,82,658,,
Alabama ,AL,District,No,,,,,Troy City,Regular local school district,0103330,199,1644,Quarterly,10/26/20,12/31/20,Hybrid,,,,"In-person, virtual and blended",,,,1151,82,411,,
Alabama ,AL,District,No,,,,,Troy City,Regular local school district,0103330,199,1644,Quarterly,1/1/21,3/13/21,Hybrid,,,,"In-person, virtual and blended",,,,1414,82,148,,
Alabama ,AL,District,No,,,,,Troy City,Regular local school district,0103330,199,1644,Quarterly,3/14/21,5/21/21,Hybrid,,,,"In-person, virtual and blended",,,,1414,82,148,,
Alabama ,AL,District,No,,,,,Trussville City,Regular local school district,0100013,205,4807,Quarterly,8/12/20,10/13/20,Hybrid,,,,"In-person, virtual and blended",,,,4086,192,529,,
Alabama ,AL,District,No,,,,,Trussville City,Regular local school district,0100013,205,4807,Quarterly,10/14/20,12/31/20,Hybrid,,,,"In-person, virtual and blended",,,,4086,192,529,,
Alabama ,AL,District,No,,,,,Trussville City,Regular local school district,0100013,205,4807,Quarterly,1/1/21,3/13/21,Hybrid,,,,"In-person, virtual and blended",,,,4182,192,433,,
Alabama ,AL,District,No,,,,,Trussville City,Regular local school district,0100013,205,4807,Quarterly,3/14/21,5/21/21,Hybrid,,,,"In-person, virtual and blended",,,,4182,192,433,,
Alabama ,AL,District,No,,,,,Tuscaloosa City,Regular local school district,0103360,200,10221,Quarterly,8/20/20,10/21/20,In-person,,,,In-person and virtual,,,,6030,0,4191,,
Alabama ,AL,District,No,,,,,Tuscaloosa City,Regular local school district,0103360,200,10221,Quarterly,10/22/20,12/31/20,In-person,,,,In-person and virtual,,,,6030,0,4191,,
Alabama ,AL,District,No,,,,,Tuscaloosa City,Regular local school district,0103360,200,10221,Quarterly,1/1/21,3/13/21,In-person,,,,In-person and virtual,,,,7052,0,3169,,
Alabama ,AL,District,No,,,,,Tuscaloosa City,Regular local school district,0103360,200,10221,Quarterly,3/14/21,5/21/21,In-person,,,,In-person and virtual,,,,7052,0,3169,,
Alabama ,AL,District,No,,,,,Tuscaloosa County,Regular local school district,0103390,63,18083,Quarterly,8/20/20,10/21/20,Hybrid,,,,"In-person, virtual and blended",,,,10850,723,6510,,
Alabama ,AL,District,No,,,,,Tuscaloosa County,Regular local school district,0103390,63,18083,Quarterly,10/22/20,12/31/20,Hybrid,,,,"In-person, virtual and blended",,,,14828,1447,1808,,
Alabama ,AL,District,No,,,,,Tuscaloosa County,Regular local school district,0103390,63,18083,Quarterly,1/1/21,3/13/21,In-person,,,,In-person and virtual,,,,2893,0,15190,,
Alabama ,AL,District,No,,,,,Tuscaloosa County,Regular local school district,0103390,63,18083,Quarterly,3/14/21,5/21/21,In-person,,,,In-person and virtual,,,,1989,0,16094,,
Alabama ,AL,District,No,,,,,Tuscumbia City,Regular local school district,0103420,201,1438,Quarterly,8/20/20,10/21/20,In-person,,,,In-person and virtual,,,,1035,0,403,,
Alabama ,AL,District,No,,,,,Tuscumbia City,Regular local school district,0103420,201,1438,Quarterly,10/22/20,12/31/20,In-person,,,,In-person and virtual,,,,1122,0,316,,
Alabama ,AL,District,No,,,,,Tuscumbia City,Regular local school district,0103420,201,1438,Quarterly,1/1/21,3/13/21,In-person,,,,In-person and virtual,,,,1222,0,216,,
Alabama ,AL,District,No,,,,,Tuscumbia City,Regular local school district,0103420,201,1438,Quarterly,3/14/21,5/21/21,In-person,,,,In-person and virtual,,,,1222,0,216,,
Alabama ,AL,District,Yes,,,,,University Charter School,Charter agency,0100199,801,483,Quarterly,8/19/20,10/20/20,In-person,,,,In-person and virtual,,,,,,,,
Alabama ,AL,District,Yes,,,,,University Charter School,Charter agency,0100199,801,483,Quarterly,10/21/20,12/31/20,In-person,,,,In-person and virtual,,,,,,,,
Alabama ,AL,District,Yes,,,,,University Charter School,Charter agency,0100199,801,483,Quarterly,1/1/21,3/13/21,In-person,,,,In-person and virtual,,,,,,,,
Alabama ,AL,District,Yes,,,,,University Charter School,Charter agency,0100199,801,483,Quarterly,3/14/21,5/21/21,In-person,,,,In-person and virtual,,,,,,,,
Alabama ,AL,District,No,,,,,Vestavia Hills City,Regular local school district,0103430,202,7027,Quarterly,8/20/20,10/21/20,Hybrid,,,,"In-person, virtual and blended",,,,1897,3724,1405,,
Alabama ,AL,District,No,,,,,Vestavia Hills City,Regular local school district,0103430,202,7027,Quarterly,10/22/20,12/31/20,In-person,,,,In-person and virtual,,,,5692,0,1335,,
Alabama ,AL,District,No,,,,,Vestavia Hills City,Regular local school district,0103430,202,7027,Quarterly,1/1/21,3/13/21,In-person,,,,In-person and virtual,,,,6113,0,914,,
Alabama ,AL,District,No,,,,,Vestavia Hills City,Regular local school district,0103430,202,7027,Quarterly,3/14/21,5/21/21,In-person,,,,In-person and virtual,,,,6113,0,914,,
Alabama ,AL,District,No,,,,,Walker County,Regular local school district,0103450,64,6916,Quarterly,8/20/20,10/21/20,In-person,,,,In-person and virtual,,,,4357,0,2559,,
Alabama ,AL,District,No,,,,,Walker County,Regular local school district,0103450,64,6916,Quarterly,10/22/20,12/31/20,In-person,,,,In-person and virtual,,,,5256,0,1660,,
Alabama ,AL,District,No,,,,,Walker County,Regular local school district,0103450,64,6916,Quarterly,1/1/21,3/13/21,In-person,,,,In-person and virtual,,,,5187,0,1729,,
Alabama ,AL,District,No,,,,,Walker County,Regular local school district,0103450,64,6916,Quarterly,3/14/21,5/21/21,In-person,,,,In-person and virtual,,,,5325,0,1591,,
Alabama ,AL,District,No,,,,,Washington County,Regular local school district,0103480,65,2523,Quarterly,8/31/20,11/1/20,In-person,,,,In-person and virtual,,,,2321,0,202,,
Alabama ,AL,District,No,,,,,Washington County,Regular local school district,0103480,65,2523,Quarterly,11/2/20,12/31/20,In-person,,,,In-person and virtual,,,,2346,0,177,,
Alabama ,AL,District,No,,,,,Washington County,Regular local school district,0103480,65,2523,Quarterly,1/1/21,3/13/21,In-person,,,,In-person and virtual,,,,2397,0,126,,
Alabama ,AL,District,No,,,,,Washington County,Regular local school district,0103480,65,2523,Quarterly,3/14/21,5/21/21,In-person,,,,In-person and virtual,,,,2422,0,101,,
Alabama ,AL,District,No,,,,,Wilcox County,Regular local school district,0103510,66,1325,Quarterly,9/3/20,11/4/20,Virtual,,,,Virtual,,,,0,0,1325,,
Alabama ,AL,District,No,,,,,Wilcox County,Regular local school district,0103510,66,1325,Quarterly,11/5/20,12/31/20,Virtual,,,,Virtual,,,,0,0,1325,,
Alabama ,AL,District,No,,,,,Wilcox County,Regular local school district,0103510,66,1325,Quarterly,1/1/21,3/13/21,Virtual,,,,Virtual,,,,0,0,1325,,
Alabama ,AL,District,No,,,,,Wilcox County,Regular local school district,0103510,66,1325,Quarterly,3/14/21,5/21/21,Hybrid,,,,Virtual and blended,,,,0,610,716,,
Alabama ,AL,District,No,,,,,Winfield City,Regular local school district,0103540,204,1244,Quarterly,8/20/20,10/21/20,In-person,,,,In-person and virtual,,,,1070,0,174,,
Alabama ,AL,District,No,,,,,Winfield City,Regular local school district,0103540,204,1244,Quarterly,10/22/20,12/31/20,In-person,,,,In-person and virtual,,,,1194,0,50,,
Alabama ,AL,District,No,,,,,Winfield City,Regular local school district,0103540,204,1244,Quarterly,1/1/21,3/13/21,In-person,,,,In-person and virtual,,,,1232,0,12,,
Alabama ,AL,District,No,,,,,Winfield City,Regular local school district,0103540,204,1244,Quarterly,3/14/21,5/21/21,In-person,,,,In-person and virtual,,,,1232,0,6,,
Alabama ,AL,District,No,,,,,Winston County,Regular local school district,0103580,67,2192,Quarterly,8/20/20,10/21/20,In-person,,,,In-person and virtual,,,,1819,0,373,,
Alabama ,AL,District,No,,,,,Winston County,Regular local school district,0103580,67,2192,Quarterly,10/22/20,12/31/20,In-person,,,,In-person and virtual,,,,1797,0,395,,
Alabama ,AL,District,No,,,,,Winston County,Regular local school district,0103580,67,2192,Quarterly,1/1/21,3/13/21,Hybrid,,,,"In-person, virtual and blended",,,,1776,22,395,,
Alabama ,AL,District,No,,,,,Winston County,Regular local school district,0103580,67,2192,Quarterly,3/14/21,5/21/21,Hybrid,,,,"In-person, virtual and blended",,,,1776,22,395,,